Date,Actual,Predicted
2018-05-22,272.609985,273.616205262832
2018-05-23,273.359985,274.087098932682
2018-05-24,272.799988,273.834145688098
2018-05-25,272.149994,273.490699923809
2018-05-29,269.019989,273.466953990423
2018-05-30,272.609985,271.536664470865
2018-05-31,270.940002,272.175209403391
2018-06-01,273.600006,272.216500597768
2018-06-04,274.899994,273.287491923183
2018-06-05,275.100006,274.838390427196
2018-06-06,277.399994,275.555104237296
2018-06-07,277.369995,276.49476252407
2018-06-08,278.190002,277.395041101942
2018-06-11,278.559998,278.080829252724
2018-06-12,278.920013,279.062851030604
2018-06-13,278.029999,279.519696059237
2018-06-14,278.730011,279.50665755262
2018-06-15,277.130005,279.652365583659
2018-06-18,276.559998,278.401741245147
2018-06-19,275.5,278.053804267018
2018-06-20,275.970001,276.756014412914
2018-06-21,274.23999,277.065084519708
2018-06-22,274.73999,276.429010531821
2018-06-25,271,276.257924811502
2018-06-26,271.600006,273.678460635309
2018-06-27,269.350006,273.129724439063
2018-06-28,270.890015,272.178239807194
2018-06-29,271.279999,271.716359646089
2018-07-02,271.859985,272.037504746497
2018-07-03,270.899994,272.160865492059
2018-07-05,273.109985,272.450836284632
2018-07-06,275.420013,272.79387799508
2018-07-09,277.899994,273.969053049174
2018-07-10,278.899994,276.2968227639
2018-07-11,276.859985,278.192301491061
2018-07-12,279.369995,278.127077876911
2018-07-13,279.589996,278.94289366162
2018-07-16,279.339996,279.908053961932
2018-07-17,280.470001,280.354502374442
2018-07-18,281.059998,280.683744092189
2018-07-19,280,281.417257217728
2018-07-20,279.679993,281.347666713996
2018-07-23,280.200012,280.987701363851
2018-07-24,281.609985,281.218882322654
2018-07-25,284.01001,281.920211005756
2018-07-26,283.339996,283.019967856498
2018-07-27,281.420013,284.070694327768
2018-07-30,279.950012,283.592108094418
2018-07-31,281.329987,282.556844452808
2018-08-01,280.859985,282.278529059476
2018-08-02,282.390015,282.343861457352
2018-08-03,283.600006,282.317054039099
2018-08-06,284.640015,283.324080533483
2018-08-07,285.579987,284.574596088268
2018-08-08,285.459991,285.757354922134
2018-08-09,285.070007,286.284210048872
2018-08-10,283.160004,286.469577518394
2018-08-13,282.100006,285.129905929685
2018-08-14,283.899994,284.32757932703
2018-08-15,281.779999,284.597735940893
2018-08-16,284.059998,283.316916348083
2018-08-17,285.059998,284.183503051884
2018-08-20,285.670013,285.123922824741
2018-08-21,286.339996,286.204331712744
2018-08-22,286.170013,286.766588172108
2018-08-23,285.790009,287.163912961952
2018-08-24,287.51001,287.17367241625
2018-08-27,289.779999,287.625995149977
2018-08-28,289.920013,289.108701798166
2018-08-29,291.480011,290.371820724663
2018-08-30,290.299988,291.27889051516
2018-08-31,290.309998,291.529823490543
2018-09-04,289.809998,291.391015455854
2018-09-05,289.029999,291.154970310435
2018-09-06,288.160004,290.526402399658
2018-09-07,287.600006,289.976391879762
2018-09-10,288.100006,289.278186843656
2018-09-11,289.049988,289.506725911965
2018-09-12,289.119995,289.644088677148
2018-09-13,290.829987,289.855983835341
2018-09-14,290.880005,290.842372502803
2018-09-17,289.339996,291.445624886429
2018-09-18,290.910004,291.114409521078
2018-09-19,291.220001,291.337897916382
2018-09-20,293.579987,291.978836090886
2018-09-21,291.98999,292.658951947371
2018-09-24,291.019989,292.97220245736
2018-09-25,290.75,292.954097737207
2018-09-26,289.880005,292.706226246691
2018-09-27,290.690002,291.884256411182
2018-09-28,290.720001,291.929790170882
2018-10-01,291.730011,291.798690240224
2018-10-02,291.559998,292.424616260507
2018-10-03,291.720001,292.831995774762
2018-10-04,289.440002,292.952232873328
2018-10-05,287.820007,291.404939772814
2018-10-08,287.820007,290.048142517487
2018-10-09,287.399994,289.124522060069
2018-10-10,278.299988,288.925463381572
2018-10-11,272.170013,284.456721150615
2018-10-12,275.950012,278.217508234485
2018-10-15,274.399994,276.819963703413
2018-10-16,280.399994,276.998881852022
2018-10-17,280.450012,278.26428523677
2018-10-18,276.399994,279.415434627897
2018-10-19,276.25,278.412433131384
2018-10-22,275.01001,277.5276795453
2018-10-23,273.609985,277.124604758497
2018-10-24,265.320007,274.525419646789
2018-10-25,270.079987,270.927087090584
2018-10-26,265.329987,270.068472679863
2018-10-29,263.859985,267.815577249858
2018-10-30,267.769989,266.472020528068
2018-10-31,270.630005,266.378435442433
2018-11-01,273.51001,269.090988737421
2018-11-02,271.890015,271.542880683793
2018-11-05,273.390015,272.248296526896
2018-11-06,275.119995,273.192026433137
2018-11-07,281.01001,274.336835287077
2018-11-08,280.5,277.051999391494
2018-11-09,277.76001,279.608821012096
2018-11-12,272.570007,279.264240788948
2018-11-13,272.059998,277.074346676972
2018-11-14,270.200012,275.202318613083
2018-11-15,273.019989,273.395389839086
2018-11-16,273.730011,272.420174814363
2018-11-19,269.100006,273.157308883933
2018-11-20,264.119995,272.529611242966
2018-11-21,265.019989,268.796977406445
2018-11-23,263.25,267.519436865954
2018-11-26,267.5,266.263155773678
2018-11-27,268.399994,266.533359009138
2018-11-28,274.579987,267.343222769969
2018-11-29,273.980011,269.707233006067
2018-11-30,275.649994,272.577491623046
2018-12-03,279.299988,274.303671791104
2018-12-04,270.25,277.06904735545
2018-12-06,269.839996,275.192294969736
2018-12-07,263.570007,270.997330296673
2018-12-10,264.070007,268.542625513951
2018-12-11,264.130005,265.993185646202
2018-12-12,265.459991,265.843421536227
2018-12-13,265.369995,266.828287231521
2018-12-14,260.470001,266.813181834106
2018-12-17,255.360001,264.341522330621
2018-12-18,255.080002,260.075040127818
2018-12-19,251.259995,257.684952878486
2018-12-20,247.169998,254.902684755507
2018-12-21,240.699997,250.884447015996
2018-12-24,234.339996,246.691984368636
2018-12-26,246.179993,242.065769923673
2018-12-27,248.070007,240.899748243116
2018-12-28,247.75,242.844381674006
2018-12-31,249.919998,246.004688786219
2019-01-02,250.179993,247.928699930721
2019-01-03,244.210007,248.542908389633
2019-01-04,252.389999,246.980370026912
2019-01-07,254.380005,248.442469929244
2019-01-08,256.769989,251.675599975912
2019-01-09,257.970001,254.513984961101
2019-01-10,258.880005,256.667374362656
2019-01-11,258.980011,257.700400167613
2019-01-14,257.399994,258.620011167692
2019-01-15,260.350006,258.593856451797
2019-01-16,260.980011,259.378979685173
2019-01-17,262.959991,260.88698631998
2019-01-18,266.459991,262.041787736202
2019-01-22,262.859985,264.04191640801
2019-01-23,263.410004,264.349494623702
2019-01-24,263.549988,264.419007424773
2019-01-25,265.779999,264.629519475589
2019-01-28,263.76001,265.314530599755
2019-01-29,263.410004,264.91726797204
2019-01-30,267.579987,264.814451810206
2019-01-31,269.929993,266.00636401761
2019-02-01,270.059998,268.006275121966
2019-02-04,271.959991,269.853018739768
2019-02-05,273.100006,271.327986202862
2019-02-06,272.73999,272.566628790954
2019-02-07,270.140015,273.39360267787
2019-02-08,270.470001,272.111881734184
2019-02-11,270.619995,271.291854465216
2019-02-12,274.100006,271.564342158928
2019-02-13,274.98999,273.122715658987
2019-02-14,274.380005,274.904064716784
2019-02-15,277.369995,275.171874710267
2019-02-19,277.850006,276.362838945199
2019-02-20,278.410004,277.845374647533
2019-02-21,277.420013,278.620412075433
2019-02-22,279.140015,278.673529614905
2019-02-25,279.519989,279.064995624064
2019-02-26,279.320007,280.213658530019
2019-02-27,279.200012,280.673860313633
2019-02-28,278.679993,280.37913411817
2019-03-01,280.420013,280.043924836012
2019-03-04,279.399994,280.48734284472
2019-03-05,279.019989,280.378636821136
2019-03-06,277.329987,280.583088064348
2019-03-07,275.01001,279.780264164658
2019-03-08,274.459991,277.891638812252
2019-03-11,278.440002,276.165007968756
2019-03-12,279.48999,277.145631098727
2019-03-13,281.339996,278.833519395147
2019-03-14,281.160004,280.626570473781
2019-03-15,281.309998,281.642392909459
2019-03-18,282.329987,281.846533342024
2019-03-19,282.399994,282.524085010676
2019-03-20,281.549988,282.991124628511
2019-03-21,284.730011,282.935442901206
2019-03-22,279.25,283.615232406512
2019-03-25,279.040009,282.505653939343
2019-03-26,281.119995,281.311193084639
2019-03-27,279.649994,281.68585977836
2019-03-28,280.709991,281.40863222229
2019-03-29,282.480011,281.483444344882
2019-04-01,285.829987,282.148905479388
2019-04-02,285.970001,284.287888807482
2019-04-03,286.420013,286.09890474148
2019-04-04,287.179993,286.914938093642
2019-04-05,288.570007,287.603461378112
2019-04-08,288.790009,288.489442666249
2019-04-09,287.309998,289.142269347979
2019-04-10,288.290009,288.859074227498
2019-04-11,288.209991,289.08301329824
2019-04-12,290.160004,289.348787481989
2019-04-15,289.970001,290.046961437031
2019-04-16,290.160004,290.795999554358
2019-04-17,289.450012,291.256434445957
2019-04-18,290.019989,291.266551332498
2019-04-22,290.269989,291.007770388293
2019-04-23,292.880005,291.237692563978
2019-04-24,292.230011,292.228572445281
2019-04-25,292.049988,293.109844952125
2019-04-26,293.410004,293.144407096006
2019-04-29,293.869995,293.536230537409
2019-04-30,294.019989,294.302565267209
2019-05-01,291.809998,294.3625672625
2019-05-02,291.179993,294.248872728041
2019-05-03,294.029999,293.361632656786
2019-05-06,292.820007,293.839674971504
2019-05-07,287.929993,292.932201127167
2019-05-08,287.529999,290.62203883556
2019-05-09,286.660004,289.778312254802
2019-05-10,288.100006,288.188686744246
2019-05-13,280.859985,287.467248612321
2019-05-14,283.399994,284.700536562195
2019-05-15,285.059998,284.357417149085
2019-05-16,287.700012,284.594705537091
2019-05-17,285.839996,286.340249208421
2019-05-20,283.950012,286.683182135142
2019-05-21,286.51001,286.095252716384
2019-05-22,285.630005,286.652955799779
2019-05-23,282.140015,286.748623316745
2019-05-24,282.779999,284.507958285676
2019-05-28,280.149994,284.180472648081
2019-05-29,278.269989,283.287653525723
2019-05-30,279.029999,280.861823052053
2019-05-31,275.269989,280.334051033908
2019-06-03,274.570007,278.450025679068
2019-06-04,280.529999,276.70087660424
2019-06-05,282.959991,278.173792717067
2019-06-06,284.799988,280.811083214025
2019-06-07,287.649994,283.188023173015
2019-06-10,288.970001,285.743990064339
2019-06-11,288.899994,288.337751530267
2019-06-12,288.390015,289.71214066818
2019-06-13,289.579987,289.863489912452
2019-06-14,289.26001,290.216866076893
2019-06-17,289.369995,290.38471936649
2019-06-18,292.399994,290.788027261277
2019-06-19,293.059998,291.858598992321
2019-06-20,295.859985,293.053588225124
2019-06-21,294,294.544236085329
2019-06-24,293.640015,295.423022107002
2019-06-25,290.76001,295.727398973036
2019-06-26,290.470001,294.241102461881
2019-06-27,291.5,293.30835971199
2019-06-28,293,293.109782789996
2019-07-01,295.660004,293.498544746531
2019-07-02,296.429993,295.063289864842
2019-07-03,298.799988,296.3454304029
2019-07-05,298.459991,298.132824727769
2019-07-08,296.820007,298.676556872607
2019-07-09,297.190002,298.544742077463
2019-07-10,298.609985,298.24546250603
2019-07-11,299.309998,298.901381753691
2019-07-12,300.649994,299.768465754527
2019-07-15,300.75,300.870429360858
2019-07-16,299.779999,301.671621504654
2019-07-17,297.73999,301.627439771266
2019-07-18,298.829987,300.756719285867
2019-07-19,297.170013,299.922177159711
2019-07-22,297.899994,299.547044250021
2019-07-23,300.029999,299.433023364384
2019-07-24,301.440002,300.094443960487
2019-07-25,300,301.022322523761
2019-07-26,302.01001,301.214217016857
2019-07-29,301.459991,302.042014551986
2019-07-30,300.720001,302.549941310357
2019-07-31,297.429993,302.116096269559
2019-08-01,294.839996,300.157740548629
2019-08-02,292.619995,298.168769979027
2019-08-05,283.820007,295.880333351604
2019-08-06,287.799988,290.155900568599
2019-08-07,287.970001,288.488665639633
2019-08-08,293.619995,287.519138449739
2019-08-09,291.619995,290.294211306254
2019-08-12,288.070007,291.629531545913
2019-08-13,292.549988,290.883772480905
2019-08-14,283.899994,290.853406280751
2019-08-15,284.649994,288.148980684167
2019-08-16,288.850006,286.395511341353
2019-08-19,292.329987,287.300871673295
2019-08-20,290.089996,290.571734132437
2019-08-21,292.450012,291.624931548346
2019-08-22,292.359985,292.507773648955
2019-08-23,284.850006,292.939287609905
2019-08-26,288,289.766672396094
2019-08-27,286.869995,289.019903196485
2019-08-28,288.890015,289.036345079681
2019-08-29,292.579987,289.035241701886
2019-08-30,292.450012,291.10618857948
2019-09-03,290.73999,292.714649215209
2019-09-04,294.040009,292.271464314486
2019-09-05,297.820007,293.436988698009
2019-09-06,298.049988,295.562451762984
2019-09-09,298.200012,297.845402582497
2019-09-10,298.130005,298.942672948067
2019-09-11,300.25,298.874030416807
2019-09-12,301.290009,299.61152191862
2019-09-13,301.089996,301.158364343697
2019-09-16,300.160004,302.189478663178
2019-09-17,300.920013,302.044469956093
2019-09-18,301.100006,302.098597630166
2019-09-19,301.079987,301.657060025869
2019-09-20,298.279999,302.072225346818
2019-09-23,298.209991,301.081951546276
2019-09-24,295.869995,300.47234308493
2019-09-25,297.619995,298.949029025787
2019-09-26,297,298.331106379649
2019-09-27,295.399994,298.286893565197
2019-09-30,296.769989,297.424627129381
2019-10-01,293.23999,297.682118209403
2019-10-02,288.059998,296.655386320037
2019-10-03,290.420013,292.830208613546
2019-10-04,294.350006,290.898831256724
2019-10-07,293.079987,292.497470276026
2019-10-08,288.529999,293.865503336221
2019-10-09,291.269989,292.082289414545
2019-10-10,293.23999,291.930831386548
2019-10-11,296.279999,292.818599835902
2019-10-14,295.950012,295.028929747881
2019-10-15,298.880005,296.667383610988
2019-10-16,298.399994,298.193681452337
2019-10-17,299.279999,299.0076479137
2019-10-18,297.970001,299.838273825712
2019-10-21,299.98999,299.552048301428
2019-10-22,299.01001,300.379907998686
2019-10-23,299.880005,300.768638874157
2019-10-24,300.369995,300.93827932497
2019-10-25,301.600006,301.380858144933
2019-10-28,303.299988,301.886189634406
2019-10-29,303.209991,303.345165889742
2019-10-30,304.140015,304.217782320083
2019-10-31,303.329987,304.612822651677
2019-11-01,306.140015,304.416980863371
2019-11-04,307.369995,305.570305929022
2019-11-05,307.029999,307.395883341804
2019-11-06,307.100006,308.373444986907
2019-11-07,308.179993,308.406515239686
2019-11-08,308.940002,309.018128429701
2019-11-11,308.350006,309.470047109588
2019-11-12,309,309.627938917966
2019-11-13,309.100006,309.973871167426
2019-11-14,309.549988,310.013623849103
2019-11-15,311.790009,310.253911559846
2019-11-18,312.019989,311.380848801616
2019-11-19,311.929993,312.475275249772
2019-11-20,310.769989,312.874573687221
2019-11-21,310.269989,312.284903728843
2019-11-22,310.959991,312.026526838478
2019-11-25,313.369995,312.1551092029
2019-11-26,314.079987,313.181934335461
2019-11-27,315.480011,314.378959377998
2019-11-29,314.309998,315.488211493987
2019-12-02,311.640015,315.855620759114
2019-12-03,309.549988,314.591522779081
2019-12-04,311.459991,312.155388932482
2019-12-05,312.019989,312.266161846864
2019-12-06,314.869995,312.862420990946
2019-12-09,313.880005,314.465768791541
2019-12-10,313.529999,315.319006178079
2019-12-11,314.420013,315.052081994938
2019-12-12,317.130005,315.145822485897
2019-12-13,317.320007,315.923035588322
2019-12-16,319.5,317.328552412474
2019-12-17,319.570007,318.911604277858
2019-12-18,319.589996,320.301487326496
2019-12-19,320.899994,320.981913993627
2019-12-20,320.730011,321.101700416755
2019-12-23,321.220001,320.855942438635
2019-12-24,321.230011,322.374842986599
2019-12-26,322.940002,323.163991217846
2019-12-27,322.859985,323.611807197201
2019-12-30,321.079987,323.984096189476
2019-12-31,321.859985,323.502495092857
2020-01-02,324.869995,322.990745363535
2020-01-03,322.410004,324.153456910708
2020-01-06,323.640015,323.903098935021
2020-01-07,322.730011,323.945524588256
2020-01-08,324.450012,324.256801450641
2020-01-09,326.649994,324.697157974481
2020-01-10,325.709991,326.332394947398
2020-01-13,327.950012,327.103298593701
2020-01-14,327.450012,327.934810316054
2020-01-15,328.190002,328.383403322025
2020-01-16,330.920013,328.818072011036
2020-01-17,331.950012,330.457069792775
2020-01-21,331.299988,331.584411088386
2020-01-22,331.339996,332.324140426853
2020-01-23,331.720001,333.092899479695
2020-01-24,328.769989,332.920119841353
2020-01-27,323.5,331.665719153488
2020-01-28,326.890015,328.195953421172
2020-01-29,326.619995,327.553476733968
2020-01-30,327.679993,328.236296643077
2020-01-31,321.730011,327.843587391331
2020-02-03,324.119995,325.738311477841
2020-02-04,329.059998,325.621539917983
2020-02-05,332.859985,327.921041404418
2020-02-06,333.980011,330.909143877985
2020-02-07,332.200012,333.297661533553
2020-02-10,334.679993,333.610772178751
2020-02-11,335.26001,334.237739414699
2020-02-12,337.420013,335.584885999455
2020-02-13,337.059998,337.319706703483
2020-02-14,337.600006,337.913914497299
2020-02-18,336.730011,338.245549457023
2020-02-19,338.339996,338.218167039074
2020-02-20,336.950012,339.083153068047
2020-02-21,333.480011,338.481423656588
2020-02-24,322.420013,336.477130122117
2020-02-25,312.649994,330.6833088623
2020-02-26,311.5,322.918512969308
2020-02-27,297.51001,317.837162954267
2020-02-28,296.26001,309.080104072596
2020-03-02,309.089996,299.128226903977
2020-03-03,300.23999,301.240138624768
2020-03-04,312.859985,302.486753505941
2020-03-05,302.459991,306.669145888357
2020-03-06,297.459991,305.339093889154
2020-03-09,274.230011,299.352088272057
2020-03-10,288.420013,286.32082354302
2020-03-11,274.359985,283.243223143818
2020-03-12,248.110001,279.500581204482
2020-03-13,269.320007,265.06746721692
2020-03-16,239.850006,262.103654595371
2020-03-17,252.800003,252.940272955641
2020-03-18,240,249.355818094799
2020-03-19,240.509995,242.708293232474
2020-03-20,228.800003,239.901797419607
2020-03-23,222.949997,235.708200313388
2020-03-24,243.149994,228.747720211188
2020-03-25,246.789993,232.990736210187
2020-03-26,261.200012,239.452427387021
2020-03-27,253.419998,248.179244392796
2020-03-30,261.649994,251.959074825975
2020-03-31,257.75,255.567228998607
2020-04-01,246.149994,257.260059184305
2020-04-02,251.830002,253.210382947908
2020-04-03,248.190002,250.928551046722
2020-04-06,264.859985,250.356581754657
2020-04-07,265.130005,254.975569852091
2020-04-08,274.029999,262.345030143376
2020-04-09,278.200012,268.259383771873
2020-04-13,275.660004,273.75005586771
2020-04-14,283.790009,275.874741906069
2020-04-15,277.76001,279.117771271825
2020-04-16,279.100006,279.938793134862
2020-04-17,286.640015,279.806108069908
2020-04-20,281.589996,283.064475941065
2020-04-21,273.040009,284.5403292145
2020-04-22,279.100006,280.343157785848
2020-04-23,279.079987,279.949904615472
2020-04-24,282.970001,280.876229125514
2020-04-27,287.049988,282.2413250251
2020-04-28,285.730011,285.1961707595
2020-04-29,293.209991,287.125434603926
2020-04-30,290.480011,290.390826795692
2020-05-01,282.790009,291.415724902244
2020-05-04,283.570007,288.678602025657
2020-05-05,286.190002,285.978698723979
2020-05-06,284.25,286.51950924874
2020-05-07,287.679993,286.900516479648
2020-05-08,292.440002,288.110036110171
2020-05-11,292.5,290.556007113729
2020-05-12,286.670013,292.025550931042
2020-05-13,281.600006,291.192360831198
2020-05-14,284.970001,286.952484019728
2020-05-15,286.279999,284.011282872706
2020-05-18,295,284.526638005526
2020-05-19,291.970001,290.019050640983
2020-05-20,296.929993,292.980454480023
2020-05-21,294.880005,295.561550412109
2020-05-22,295.440002,296.266779768824
2020-05-26,299.079987,296.172371034976
2020-05-27,303.529999,297.930518078018
2020-05-28,302.970001,300.307722226056
2020-05-29,304.320007,303.043399833138
2020-06-01,305.549988,303.664150856157
2020-06-02,308.079987,305.367968198206
2020-06-03,312.179993,307.057348385729
2020-06-04,311.359985,310.011044120737
2020-06-05,319.339996,311.71254592347
2020-06-08,323.200012,315.508973645168
2020-06-09,320.790009,320.361691348706
2020-06-10,319,322.026610738356
2020-06-11,300.609985,321.679062273535
2020-06-12,304.209991,312.754818345157
2020-06-15,307.049988,307.96056412421
2020-06-16,312.959991,306.505286515567
2020-06-17,311.660004,310.063726525305
2020-06-18,311.779999,312.742510243559
2020-06-19,308.640015,312.770048066832
2020-06-22,310.619995,311.266408321607
2020-06-23,312.049988,310.930857147737
2020-06-24,304.089996,312.393159076989
2020-06-25,307.350006,309.262549922041
2020-06-26,300.049988,307.566207576039
2020-06-29,304.459991,304.907813036189
2020-06-30,308.359985,304.282120123891
2020-07-01,310.519989,305.883230087832
2020-07-02,312.230011,309.058285165217
2020-07-06,317.049988,311.95441876851
2020-07-07,313.779999,315.126769793272
2020-07-08,316.179993,315.600445218408
2020-07-09,314.380005,316.053451735557
2020-07-10,317.589996,315.596870895974
2020-07-13,314.839996,316.538005533318
2020-07-14,318.920013,317.314192960609
2020-07-15,321.850006,317.729715713801
2020-07-16,320.790009,320.335862983989
2020-07-17,321.720001,321.655005529503
2020-07-20,324.320007,322.309603831917
2020-07-21,325.01001,323.537709939095
2020-07-22,326.859985,325.293168470046
2020-07-23,322.959991,326.602613723391
2020-07-24,320.880005,326.002562689423
2020-07-27,323.220001,323.992798887576
2020-07-28,321.170013,323.929020542932
2020-07-29,325.119995,323.674466623518
2020-07-30,323.959991,324.683544468168
2020-07-31,326.519989,324.413418935369
2020-08-03,328.790009,325.051606435652
2020-08-04,330.059998,327.785745530034
2020-08-05,332.109985,329.636995902209
2020-08-06,334.329987,331.593238110744
2020-08-07,334.570007,333.249268315906
2020-08-10,335.570007,334.29747722094
2020-08-11,332.799988,335.47302524781
2020-08-12,337.440002,335.504852258003
2020-08-13,336.829987,337.050669007947
2020-08-14,336.839996,338.119950874807
2020-08-17,337.910004,338.272994037102
2020-08-18,338.640015,338.9181126148
2020-08-19,337.230011,339.433685315073
2020-08-20,338.279999,339.232777313231
2020-08-21,339.480011,339.188766525698
2020-08-24,342.920013,339.721091919813
2020-08-25,344.119995,341.667916565761
2020-08-26,347.570007,343.705901974303
2020-08-27,348.329987,345.902929190615
2020-08-28,350.579987,347.934791629422
2020-08-31,349.309998,349.885190597804
2020-09-01,352.600006,350.677540178709
2020-09-02,357.700012,351.96438949806
2020-09-03,345.390015,355.02289058304
2020-09-04,342.570007,352.048308372592
2020-09-08,333.209991,347.240689293848
2020-09-09,339.790009,341.988983963507
2020-09-10,333.890015,341.134037118414
2020-09-11,334.059998,339.659054114788
2020-09-14,338.459991,337.405459360829
2020-09-15,340.170013,337.958080690154
2020-09-16,338.820007,339.858376982334
2020-09-17,335.839996,340.408511826488
2020-09-18,330.649994,338.153829235266
2020-09-21,326.970001,334.813516137182
2020-09-22,330.299988,330.2065253307
2020-09-23,322.640015,329.870849832572
2020-09-24,323.5,328.045396744049
2020-09-25,328.730011,325.904874903255
2020-09-28,334.190002,326.341719266791
2020-09-29,332.369995,330.580244051949
2020-09-30,334.890015,332.83150772606
2020-10-01,337.040009,334.023093582285
2020-10-02,333.839996,336.012530367857
2020-10-05,339.76001,335.555825204015
2020-10-06,334.929993,337.809544282233
2020-10-07,340.76001,338.071899548872
2020-10-08,343.779999,339.906645875722
2020-10-09,346.850006,342.626207950787
2020-10-12,352.429993,345.399633510875
2020-10-13,350.130005,349.292039560186
2020-10-14,347.929993,351.160073707268
2020-10-15,347.5,351.168745324303
2020-10-16,347.290009,349.405361121868
2020-10-19,342.01001,349.215642303297
2020-10-20,343.380005,347.786534951082
2020-10-21,342.730011,346.755513874795
2020-10-22,344.609985,345.851054893728
2020-10-23,345.779999,345.443333487761
2020-10-26,339.390015,346.045342628802
2020-10-27,338.220001,343.151850916004
2020-10-28,326.660004,341.370719425659
2020-10-29,329.980011,335.616215712613
2020-10-30,326.540009,332.48992682565
2020-11-02,330.200012,329.473571664324
2020-11-03,336.029999,330.069426754566
2020-11-04,343.540009,332.878067160893
2020-11-05,350.23999,338.367138581901
2020-11-06,350.160004,345.517555070125
2020-11-09,354.559998,348.832350614138
2020-11-10,354.040009,352.979621393509
2020-11-11,356.670013,354.65091240141
2020-11-12,353.209991,356.65700863763
2020-11-13,358.100006,356.211554819188
2020-11-16,362.570007,357.447151462945
2020-11-17,360.619995,360.506212007089
2020-11-18,356.279999,361.707432993352
2020-11-19,357.779999,360.831506429626
2020-11-20,355.329987,359.596873298873
2020-11-23,357.459991,358.555377903802
2020-11-24,363.220001,358.639110291946
2020-11-25,362.660004,361.191767049886
2020-11-27,363.670013,363.132064672259
2020-11-30,362.059998,364.465939642413
2020-12-01,366.019989,363.356594283229
2020-12-02,366.790009,365.253005442329
2020-12-03,366.690002,366.857441080186
2020-12-04,369.850006,367.592446096828
2020-12-07,369.089996,369.119085829888
2020-12-08,370.170013,369.93987458494
2020-12-09,366.850006,370.57013641374
2020-12-10,366.730011,369.841161123639
2020-12-11,366.299988,368.810015723093
2020-12-14,364.660004,367.79422436848
2020-12-15,369.589996,367.611840681164
2020-12-16,370.170013,368.748599539362
2020-12-17,372.23999,370.295939261473
2020-12-18,369.179993,371.901214088076
2020-12-21,367.859985,370.573679655109
2020-12-22,367.23999,370.214133899336
2020-12-23,367.570007,369.913455679995
2020-12-24,369,369.780677371846
2020-12-28,372.170013,370.043498854455
2020-12-29,371.459991,371.638392605467
2020-12-30,371.98999,372.609613713384
2020-12-31,373.880005,373.168078282862
2021-01-04,368.790009,373.564237532783
2021-01-05,371.329987,372.053697791207
2021-01-06,373.549988,372.04387617478
2021-01-07,379.100006,372.771359573778
2021-01-08,381.26001,376.509914353114
2021-01-11,378.690002,379.377577701195
2021-01-12,378.769989,380.187115110847
2021-01-13,379.790009,379.968863874934
2021-01-14,378.459991,380.423642012768
2021-01-15,375.700012,380.626601364877
2021-01-19,378.649994,378.329648525743
2021-01-20,383.890015,379.170391324295
2021-01-21,384.23999,381.956497958757
2021-01-22,382.880005,384.262339982378
2021-01-25,384.390015,384.43906691593
2021-01-26,383.790009,384.016550923194
2021-01-27,374.410004,385.113588180779
2021-01-28,377.630005,380.488601437869
2021-01-29,370.070007,379.53665059003
2021-02-01,376.230011,375.989990303791
2021-02-02,381.549988,375.962079507743
2021-02-03,381.850006,379.019523836525
2021-02-04,386.190002,381.612244086788
2021-02-05,387.709991,383.99261850342
2021-02-08,390.51001,386.495514476869
2021-02-09,390.25,389.069586088346
2021-02-10,390.079987,390.505220464136
2021-02-11,390.709991,390.870360811544
2021-02-12,392.640015,391.456425366424
2021-02-16,392.299988,392.361070833879
2021-02-17,392.390015,393.456864848878
2021-02-18,390.720001,393.343729773583
2021-02-19,390.029999,392.328373553876
2021-02-22,387.029999,391.907598100759
2021-02-23,387.5,390.602690682852
2021-02-24,391.769989,388.192291957776
2021-02-25,382.329987,389.526788549222
2021-02-26,380.359985,387.368146447743
2021-03-01,389.579987,384.378707488396
2021-03-02,386.540009,386.227782186047
2021-03-03,381.420013,388.013513673958
2021-03-04,376.700012,385.81229051392
2021-03-05,383.630005,380.955874163689
2021-03-08,381.720001,380.630455416893
2021-03-09,387.170013,382.78760562727
2021-03-10,389.579987,385.785063501294
2021-03-11,393.529999,388.397737795056
2021-03-12,394.059998,391.735719813292
2021-03-15,396.410004,393.403902714729
2021-03-16,395.910004,394.757669566253
2021-03-17,397.26001,396.182114758772
2021-03-18,391.480011,396.618119933563
2021-03-19,389.480011,395.153828816174
2021-03-22,392.589996,392.682138231625
2021-03-23,389.5,393.159294736001
2021-03-24,387.519989,392.534689660966
2021-03-25,389.700012,391.310965983902
2021-03-26,395.980011,389.812796506053
2021-03-29,395.779999,392.243087112499
2021-03-30,394.730011,394.489937275432
2021-03-31,396.329987,395.413169219542
2021-04-01,400.609985,396.045855371384
2021-04-05,406.359985,398.44668112855
2021-04-06,406.119995,402.766141006035
2021-04-07,406.589996,405.768136715496
2021-04-08,408.519989,406.969419863889
2021-04-09,411.48999,408.197184079357
2021-04-12,411.640015,410.044393913129
2021-04-13,412.859985,411.613552542619
2021-04-14,411.450012,412.932384277486
2021-04-15,415.869995,413.333765146266
2021-04-16,417.26001,415.049937211509
2021-04-19,415.209991,416.746279557512
2021-04-20,412.170013,416.87731732604
2021-04-21,416.070007,415.358634345529
2021-04-22,412.269989,415.530263984479
2021-04-23,416.73999,414.904042694082
2021-04-26,417.609985,416.054352896463
2021-04-27,417.519989,417.834303306351
2021-04-28,417.399994,418.433857043285
2021-04-29,420.059998,418.689281232509
2021-04-30,417.299988,419.234132295674
2021-05-03,418.200012,418.767294704759
2021-05-04,415.619995,419.325572787849
2021-05-05,415.75,417.292063052616
2021-05-06,419.070007,417.425338657799
2021-05-07,422.119995,417.865135722476
2021-05-10,417.940002,420.205042592945
2021-05-11,414.209991,420.472899208025
2021-05-12,405.410004,416.774439002077
2021-05-13,410.279999,411.717984919814
2021-05-14,416.579987,410.852812404454
2021-05-17,415.519989,414.010586409898
2021-05-18,411.940002,415.600320704181
2021-05-19,410.859985,415.001637237057
2021-05-20,415.279999,411.667633595095
2021-05-21,414.940002,413.178981444351
2021-05-24,419.170013,415.23891008453
2021-05-25,418.23999,417.908587050844
2021-05-26,419.070007,419.084010753456
2021-05-27,419.290009,419.650307751224
2021-05-28,420.040009,420.102537241757
2021-06-01,419.670013,420.818023349804
2021-06-02,420.329987,421.431501403697
2021-06-03,418.769989,421.613636442496
2021-06-04,422.600006,420.498945140194
2021-06-07,422.190002,421.496833801574
2021-06-08,422.279999,422.64061698038
2021-06-09,421.649994,423.12436267046
2021-06-10,423.609985,423.269573404465
2021-06-11,424.309998,423.84040823767
2021-06-14,425.26001,424.611467289296
2021-06-15,424.480011,425.341996632629
2021-06-16,422.109985,425.528234371961
2021-06-17,421.970001,424.205237774432
2021-06-18,414.920013,423.035222177068
2021-06-21,420.859985,419.450705154096
2021-06-22,423.109985,419.841518460898
2021-06-23,422.600006,421.956274099104
2021-06-24,425.100006,423.340438231847
2021-06-25,426.609985,424.835872576007
2021-06-28,427.470001,426.053753012919
2021-06-29,427.700012,427.138047034001
2021-06-30,428.059998,428.261876169308
2021-07-01,430.429993,428.453708500275
2021-07-02,433.720001,429.802502381457
2021-07-06,432.929993,431.969909343165
2021-07-07,434.459991,432.857025090162
2021-07-08,430.920013,433.879902927513
2021-07-09,435.519989,432.139611956108
2021-07-12,437.079987,433.537886892198
2021-07-13,435.589996,436.043082864431
2021-07-14,436.23999,436.960658054776
2021-07-15,434.75,437.134339043993
2021-07-16,431.339996,436.347242163012
2021-07-19,424.970001,434.820353781435
2021-07-20,431.059998,429.787956443204
2021-07-21,434.549988,429.77794834039
2021-07-22,435.459991,432.642503582007
2021-07-23,439.940002,434.830859181284
2021-07-26,441.019989,437.286636260736
2021-07-27,439.01001,439.597264768313
2021-07-28,438.829987,439.3253054527
2021-07-29,440.649994,439.534481017737
2021-07-30,438.51001,440.702756075481
2021-08-02,437.589996,440.082626673754
2021-08-03,441.149994,439.834226805139
2021-08-04,438.980011,440.208877958328
2021-08-05,441.76001,440.600872345586
2021-08-06,442.48999,441.554439408786
2021-08-09,442.130005,442.531317270468
2021-08-10,442.679993,442.965581905639
2021-08-11,443.779999,443.330784415176
2021-08-12,445.109985,443.951224627549
2021-08-13,445.920013,444.780467432184
2021-08-16,446.970001,445.841637141173
2021-08-17,444.040009,445.92076953175
2021-08-18,439.179993,444.757529606478
2021-08-19,439.859985,443.058949423822
2021-08-20,443.359985,441.12763422913
2021-08-23,447.26001,442.107371548758
2021-08-24,447.970001,444.987715971213
2021-08-25,448.910004,447.393079563817
2021-08-26,446.26001,448.597905953579
2021-08-27,450.25,448.078603525549
2021-08-30,452.230011,448.668459970315
2021-08-31,451.559998,451.098937063149
2021-09-01,451.799988,452.009363608627
2021-09-02,453.190002,452.671763258267
2021-09-03,453.079987,453.483973639478
2021-09-07,451.459991,453.612400598576
2021-09-08,450.910004,453.084644120964
2021-09-09,448.980011,452.15563109883
2021-09-10,445.440002,451.43958553162
2021-09-13,446.579987,449.46730549373
2021-09-14,444.170013,448.28137639127
2021-09-15,447.880005,447.160904010945
2021-09-16,447.170013,447.069525680899
2021-09-17,441.399994,447.142814831324
2021-09-20,434.040009,444.614991844032
2021-09-21,433.630005,438.043522346885
2021-09-22,437.859985,436.615471750868
2021-09-23,443.179993,437.064530972808
2021-09-24,443.910004,440.252453610955
2021-09-27,442.640015,442.344457909843
2021-09-28,433.720001,442.855927909584
2021-09-29,434.450012,438.494632919092
2021-09-30,429.140015,436.808050027387
2021-10-01,434.23999,433.744762458452
2021-10-04,428.640015,433.005779065536
2021-10-05,433.100006,431.526755523507
2021-10-06,434.899994,432.420087483432
2021-10-07,438.660004,432.457633409519
2021-10-08,437.859985,436.464169128193
2021-10-11,434.690002,438.062419634187
2021-10-12,433.619995,437.571649623498
2021-10-13,435.179993,436.000999102906
2021-10-14,442.5,435.308948117599
2021-10-15,445.869995,438.656751752262
2021-10-18,447.190002,442.911003556128
2021-10-19,450.640015,445.219705037697
2021-10-20,452.410004,448.27702504222
2021-10-21,453.589996,450.887523661458
2021-10-22,453.119995,452.686806493553
2021-10-25,455.549988,453.301154817256
2021-10-26,455.959991,454.713167583919
2021-10-27,453.940002,456.345731585277
2021-10-28,458.320007,456.196791123515
2021-10-29,459.25,457.489452601954
2021-11-01,460.040009,458.25957922164
2021-11-02,461.899994,459.80356218877
2021-11-03,464.720001,461.272266817339
2021-11-04,466.910004,462.923728105999
2021-11-05,468.529999,465.201348522926
2021-11-08,468.929993,467.436823016199
2021-11-09,467.380005,469.054157295883
2021-11-10,463.619995,468.912178992601
2021-11-11,463.769989,466.739550412033
2021-11-12,467.269989,466.129926410155
2021-11-15,467.429993,466.567547800307
2021-11-16,469.279999,467.634933722224
2021-11-17,468.140015,468.696538566118
2021-11-18,469.730011,468.933438440816
2021-11-19,468.890015,469.139195088742
2021-11-22,467.570007,469.508562460942
2021-11-23,468.190002,469.567554321631
2021-11-24,469.440002,468.630771033337
2021-11-26,458.970001,468.57246295607
2021-11-29,464.600006,463.951889724339
2021-11-30,455.559998,464.03325995157
2021-12-01,450.5,460.650086065345
2021-12-02,457.399994,457.629255230711
2021-12-03,453.420013,456.293266748162
2021-12-06,458.790009,455.132513308061
2021-12-07,468.279999,456.657350339372
2021-12-08,469.519989,461.255980339466
2021-12-09,466.350006,465.705794202057
2021-12-10,470.73999,466.936417875472
2021-12-13,466.570007,468.034760537772
2021-12-14,463.359985,467.937352481186
2021-12-15,470.600006,465.429670023782
2021-12-16,466.450012,466.001561613185
2021-12-17,459.869995,467.387093312773
2021-12-20,454.980011,464.056011290888
2021-12-21,463.059998,458.919181575462
2021-12-22,467.690002,460.058240432443
2021-12-23,470.600006,463.664079065759
2021-12-27,477.26001,467.590425637658
2021-12-28,476.869995,471.901493627689
2021-12-29,477.480011,475.133675701885
2021-12-30,476.160004,476.504599301091
2021-12-31,474.959991,476.963977436493
2022-01-03,477.709991,476.381393960853
2022-01-04,477.549988,476.608285732735
2022-01-05,468.380005,477.586779809778
2022-01-06,467.940002,474.543508446473
2022-01-07,466.089996,471.303742592504
2022-01-10,465.51001,469.012197858617
2022-01-11,469.75,465.470448380592
2022-01-12,471.019989,466.612739668295
2022-01-13,464.529999,469.332394986554
2022-01-14,464.720001,468.173257761815
2022-01-18,456.48999,465.266432272285
2022-01-19,451.75,460.719831974401
2022-01-20,446.75,457.022428524651
2022-01-21,437.980011,452.980646878673
2022-01-24,439.839996,445.703823700553
2022-01-25,434.470001,437.957116987182
2022-01-26,433.380005,435.569966898458
2022-01-27,431.23999,435.051659064497
2022-01-28,441.950012,434.524897180953
2022-01-31,449.910004,435.158764413251
2022-02-01,452.950012,440.490037269074
2022-02-02,457.350006,446.310588244484
2022-02-03,446.600006,451.474520648277
2022-02-04,448.700012,449.975978197653
2022-02-07,447.26001,448.632405935331
2022-02-08,450.940002,448.731741017925
2022-02-09,457.540009,449.397248774029
2022-02-10,449.320007,453.403908816961
2022-02-11,440.459991,452.299785076637
2022-02-14,439.019989,447.666157797757
2022-02-15,446.100006,443.22032231144
2022-02-16,446.600006,444.60914860388
2022-02-17,437.059998,445.71619396428
2022-02-18,434.230011,442.889308973008
2022-02-22,429.570007,438.311254637707
2022-02-23,421.950012,433.9486542425
2022-02-24,428.299988,429.456880942643
2022-02-25,437.75,424.293445835884
2022-02-28,436.630005,429.648651111481
2022-03-01,429.980011,432.777892699585
2022-03-02,437.890015,432.119160615574
2022-03-03,435.709991,433.972275851628
2022-03-04,432.170013,435.785731649199
2022-03-07,419.429993,433.535649055544
2022-03-08,416.25,428.087822207316
2022-03-09,427.410004,422.800249328378
2022-03-10,425.480011,424.904499566736
2022-03-11,420.070007,425.39477228039
2022-03-14,417,424.357907963951
2022-03-15,426.170013,421.687920186989
2022-03-16,435.619995,422.42907925443
2022-03-17,441.070007,427.131830821073
2022-03-18,444.519989,433.692111134949
2022-03-21,444.390015,438.552568023583
2022-03-22,449.589996,441.915290569274
2022-03-23,443.799988,445.903737108327
2022-03-24,450.48999,446.279134207066
2022-03-25,452.690002,447.981754928126
2022-03-28,455.910004,450.363869884378
2022-03-29,461.549988,453.052133327349
2022-03-30,458.700012,457.358601319813
2022-03-31,451.640015,459.102622018976
2022-04-01,452.920013,456.558263905295
2022-04-04,456.799988,454.762772963086
2022-04-05,451.029999,455.842839959378
2022-04-06,446.519989,454.951745836107
2022-04-07,448.769989,450.523999529411
2022-04-08,447.570007,449.195470502376
2022-04-11,439.920013,448.961305761367
2022-04-12,438.290009,445.374177928965
2022-04-13,443.309998,442.665338821202
2022-04-14,437.790009,442.242325531432
2022-04-18,437.970001,441.119366665935
2022-04-19,445.040009,439.736259289389
2022-04-20,444.709991,441.062301831253
2022-04-21,438.059998,443.661176132315
2022-04-22,426.040009,442.891608971792
2022-04-25,428.51001,435.741845185925
2022-04-26,416.100006,429.896802331579
2022-04-27,417.269989,424.595926756975
2022-04-28,427.809998,420.962115165482
2022-04-29,412,422.971133021777
2022-05-02,414.480011,419.586094271674
2022-05-03,416.380005,414.968691308537
2022-05-04,429.059998,415.58303963224
2022-05-05,413.809998,419.427891652649
2022-05-06,411.339996,417.745660109994
2022-05-09,398.170013,413.824659481213
2022-05-10,399.089996,406.544293061723
2022-05-11,392.75,402.861435550225
2022-05-12,392.339996,399.181375334545
2022-05-13,401.720001,394.93570190452
2022-05-16,400.089996,397.341127659253
2022-05-17,408.320007,399.629377800288
2022-05-18,391.859985,403.38036500548
2022-05-19,389.459991,399.489202198755
2022-05-20,389.630005,394.362007613367
2022-05-23,396.920013,391.15767417309
2022-05-24,393.890015,393.619232330565
2022-05-25,397.369995,393.492359424699
2022-05-26,405.309998,394.886345173869
2022-05-27,415.26001,399.603704840894
2022-05-31,412.929993,406.893395579776
2022-06-01,409.589996,410.908509672291
2022-06-02,417.390015,411.68715250369
2022-06-03,410.540009,413.261967886944
2022-06-06,411.790009,413.174443608914
2022-06-07,415.73999,413.936551313922
2022-06-08,411.220001,414.274464648705
2022-06-09,401.440002,414.106564737511
2022-06-10,389.799988,409.929269649697
2022-06-13,375,400.492125992606
2022-06-14,373.869995,387.650051704041
2022-06-15,379.200012,380.762985076524
2022-06-16,366.649994,379.346496636553
2022-06-17,365.859985,373.509037561979
2022-06-21,375.070007,369.156320945328
2022-06-22,374.390015,371.641376387673
2022-06-23,378.059998,373.082108058064
2022-06-24,390.079987,374.959715173056
2022-06-27,388.589996,380.793755330519
2022-06-28,380.649994,385.950476927316
2022-06-29,380.339996,385.770144590266
2022-06-30,377.25,383.393375577132
2022-07-01,381.23999,379.734201836891
2022-07-05,381.959991,379.7299748121
2022-07-06,383.25,379.961715230067
2022-07-07,388.98999,382.13477894554
2022-07-08,388.670013,385.612128457628
2022-07-11,384.230011,387.774313800477
2022-07-12,380.829987,387.190300595864
2022-07-13,378.829987,385.039988219708
2022-07-14,377.910004,381.756584550983
2022-07-15,385.130005,379.016353567932
2022-07-18,381.950012,381.828941269468
2022-07-19,392.269989,384.157845443054
2022-07-20,394.769989,387.698600327011
2022-07-21,398.790009,391.728446844166
2022-07-22,395.089996,395.021672129318
2022-07-25,395.570007,396.342057917417
2022-07-26,390.890015,396.640995597139
2022-07-27,401.040009,394.938996497372
2022-07-28,406.070007,397.210711512017
2022-07-29,411.98999,401.552363269656
2022-08-01,410.769989,407.053214414163
2022-08-02,408.059998,410.227647870255
2022-08-03,414.450012,410.678634118203
2022-08-04,414.170013,412.612746608713
2022-08-05,413.470001,414.549096935877
2022-08-08,412.98999,414.300448418745
2022-08-09,411.350006,414.970866983061
2022-08-10,419.98999,414.258986278513
2022-08-11,419.98999,417.153565828574
2022-08-12,427.100006,420.466123535933
2022-08-15,428.859985,423.754127202225
2022-08-16,429.700012,426.681590518677
2022-08-17,426.649994,428.865470444645
2022-08-18,427.890015,428.588289510173
2022-08-19,422.140015,428.729646192162
2022-08-22,413.350006,426.391169050667
2022-08-23,412.350006,420.666720727129
2022-08-24,413.670013,417.245565779913
2022-08-25,419.51001,415.773939531268
2022-08-26,405.309998,417.25184415497
2022-08-29,402.630005,413.90901349065
2022-08-30,398.209991,408.737932441989
2022-08-31,395.179993,403.847948541946
2022-09-01,396.420013,400.511209766296
2022-09-02,392.23999,397.474092453789
2022-09-06,390.76001,395.916868953122
2022-09-07,397.779999,393.847118696517
2022-09-08,400.380005,394.561485886236
2022-09-09,406.600006,396.624957767784
2022-09-12,410.970001,401.392730921657
2022-09-13,393.100006,406.608568703402
2022-09-14,394.600006,401.418714691697
2022-09-15,390.119995,397.51219783904
2022-09-16,385.559998,394.623212880614
2022-09-19,388.549988,389.720920878973
2022-09-20,384.089996,388.179424397014
2022-09-21,377.390015,386.441744235039
2022-09-22,374.220001,383.790778069638
2022-09-23,367.950012,379.730036974229
2022-09-26,364.309998,373.178024223548
2022-09-27,363.380005,369.227496583357
2022-09-28,370.529999,366.903814028631
2022-09-29,362.790009,367.496467769215
2022-09-30,357.179993,365.666911980159
2022-10-03,366.609985,362.156709782745
2022-10-04,377.970001,363.529653651153
2022-10-05,377.089996,369.205366865333
2022-10-06,373.200012,373.350461970178
2022-10-07,362.790009,374.652012633105
2022-10-10,360.019989,370.166331221918
2022-10-11,357.73999,365.574041759011
2022-10-12,356.559998,362.054577404333
2022-10-13,365.970001,360.201524330408
2022-10-14,357.630005,359.647753001691
2022-10-17,366.820007,361.208644067986
2022-10-18,371.130005,363.575777951081
2022-10-19,368.5,368.221589007301
2022-10-20,365.410004,369.452026194328
2022-10-21,374.290009,368.775142768565
2022-10-24,378.869995,369.527118046501
2022-10-25,384.920013,374.392174932702
2022-10-26,382.019989,379.825455842679
2022-10-27,379.980011,382.431665274996
2022-10-28,389.019989,382.881843415263
2022-10-31,386.209991,384.767904579837
2022-11-01,384.519989,386.622325220606
2022-11-02,374.869995,387.483084224787
2022-11-03,371.01001,383.77585915861
2022-11-04,376.350006,378.159386453637
2022-11-07,379.950012,376.791819609412
2022-11-08,382,378.803821247913
2022-11-09,374.130005,381.015798456318
2022-11-10,394.690002,379.506128984552
2022-11-11,398.51001,385.196947596148
2022-11-14,395.119995,392.68083282691
2022-11-15,398.48999,396.102049936256
2022-11-16,395.450012,397.883243588729
2022-11-17,394.23999,397.87889223968
2022-11-18,396.029999,396.01583106294
2022-11-21,394.589996,396.263857958779
2022-11-22,399.899994,396.607428047326
2022-11-23,402.420013,398.289410941464
2022-11-25,402.329987,400.742515049357
2022-11-28,395.910004,402.869827437679
2022-11-29,395.230011,400.638642131326
2022-11-30,407.679993,398.472291925815
2022-12-01,407.380005,400.025847860854
2022-12-02,406.910004,405.185491077727
2022-12-05,399.589996,406.435882308254
2022-12-06,393.829987,404.323613155219
2022-12-07,393.160004,400.086020802
2022-12-08,396.23999,397.077498068964
2022-12-09,393.279999,396.830838739969
2022-12-12,398.950012,396.157871528352
2022-12-13,401.970001,397.037279171318
2022-12-14,399.399994,400.668355629123
2022-12-15,389.630005,401.34915526903
2022-12-16,383.269989,396.402417344951
2022-12-19,380.019989,389.735404655096
2022-12-20,380.540009,385.443482600884
2022-12-21,386.230011,383.050364947749
2022-12-22,380.720001,384.426261517298
2022-12-23,382.910004,382.865743423778
2022-12-27,381.399994,382.481519302681
2022-12-28,376.660004,382.423832846706
2022-12-29,383.440002,380.763171562912
2022-12-30,382.429993,381.588249504885
2023-01-03,380.820007,381.708968359952
2023-01-04,383.76001,382.162689741588
2023-01-05,379.380005,383.04072981771
2023-01-06,388.079987,382.157654609116
2023-01-09,387.859985,383.832115885611
2023-01-10,390.579987,387.689586818265
2023-01-11,395.519989,389.472583172488
2023-01-12,396.959991,392.425843772591
2023-01-13,398.5,394.877331665123
2023-01-17,397.769989,396.860676562025
2023-01-18,391.48999,398.481181110302
2023-01-19,388.640015,396.884608981799
2023-01-20,395.880005,393.474581055724
2023-01-23,400.630005,393.702840394451
2023-01-24,400.200012,397.508405949153
2023-01-25,400.350006,399.983266802295
2023-01-26,404.75,399.615142672682
2023-01-27,405.679993,402.0305143681
2023-01-30,400.589996,404.74401563556
2023-01-31,406.480011,404.141167305774
2023-02-01,410.799988,404.597748145357
2023-02-02,416.779999,407.116992758807
2023-02-03,412.350006,412.407362933562
2023-02-06,409.829987,413.949667523201
2023-02-07,415.190002,412.823911361887
2023-02-08,410.649994,412.980932900456
2023-02-09,407.089996,413.152065242372
2023-02-10,408.040009,411.917774003329
2023-02-13,412.829987,410.106120907507
2023-02-14,412.640015,411.209001405245
2023-02-15,413.980011,412.136957671181
2023-02-16,408.279999,413.14180849104
2023-02-17,407.26001,411.805447035715
2023-02-21,399.089996,409.188545717161
2023-02-22,398.540009,405.171566760768
2023-02-23,400.660004,402.10939811016
2023-02-24,396.380005,401.0794959522
2023-02-27,397.730011,398.60102969556
2023-02-28,396.26001,398.931980871862
2023-03-01,394.73999,398.320243357589
2023-03-02,397.809998,396.745614460722
2023-03-03,404.190002,396.592633460557
2023-03-06,404.470001,399.777696640757
2023-03-07,398.269989,403.352143398785
2023-03-08,398.920013,402.095349468942
2023-03-09,391.559998,400.626707002503
2023-03-10,385.910004,397.511638379876
2023-03-13,385.359985,391.848979212846
2023-03-14,391.730011,388.353229710489
2023-03-15,389.279999,389.760580317456
2023-03-16,396.109985,388.86985916696
2023-03-17,389.98999,390.954341848205
2023-03-20,393.73999,391.414714577675
2023-03-21,398.910004,392.609470702493
2023-03-22,392.109985,395.721679867173
2023-03-23,393.170013,395.955222986889
2023-03-24,395.75,395.182299071385
2023-03-27,396.48999,394.754188487014
2023-03-28,395.600006,396.697314486269
2023-03-29,401.350006,396.962933264695
2023-03-30,403.700012,399.172796960704
2023-03-31,409.390015,402.148125116704
2023-04-03,410.950012,405.317523440324
2023-04-04,408.670013,408.98577285144
2023-04-05,407.600006,410.206512746299
2023-04-06,409.190002,409.548588769968
2023-04-10,409.609985,409.417861812086
2023-04-11,409.720001,409.630704942751
2023-04-12,408.049988,410.634374682153
2023-04-13,413.470001,410.529382845795
2023-04-14,412.459991,411.674471429316
2023-04-17,413.940002,412.941335624102
2023-04-18,414.209991,413.857481085475
2023-04-19,414.140015,414.839953538792
2023-04-20,411.880005,415.053107480103
2023-04-21,412.200012,413.837589204104
2023-04-24,412.630005,413.230078714622
2023-04-25,406.079987,413.329475959345
2023-04-26,404.359985,410.797798920038
2023-04-27,412.410004,408.414440721201
2023-04-28,415.929993,409.607580630658
2023-05-01,415.51001,412.645692537233
2023-05-02,410.839996,415.387788384162
2023-05-03,408.019989,413.559475837692
2023-05-04,405.130005,411.818438920735
2023-05-05,412.630005,408.873321559567
2023-05-08,412.73999,410.43272073476
2023-05-09,410.929993,412.64936010286
2023-05-10,412.850006,412.720970875794
2023-05-11,412.130005,412.382249433332
2023-05-12,411.589996,412.570289874412
2023-05-15,413.01001,412.606219585138
2023-05-16,410.25,413.132919306552
2023-05-17,415.230011,412.696416834728
2023-05-18,419.230011,413.413084023231
2023-05-19,418.619995,415.976277262084
2023-05-22,418.790009,418.106449108352
2023-05-23,414.089996,419.540778079427
2023-05-24,411.089996,417.878935715177
2023-05-25,414.649994,414.795445454225
2023-05-26,420.019989,414.813099498941
2023-05-30,420.179993,417.238479297174
2023-05-31,417.850006,419.940667057104
2023-06-01,421.820007,419.156553958329
2023-06-02,427.920013,420.162648020774
2023-06-05,427.100006,424.045605426433
2023-06-06,428.029999,427.042503841293
2023-06-07,426.549988,428.050338443358
2023-06-08,429.130005,428.033492506322
2023-06-09,429.899994,428.804862368594
2023-06-12,433.799988,429.951877978123
2023-06-13,436.660004,432.02150391047
2023-06-14,437.179993,434.655375490318
2023-06-15,442.600006,436.296890838293
2023-06-16,439.459991,438.906021890686
2023-06-20,437.179993,440.448015669679
2023-06-21,434.940002,439.637048531054
2023-06-22,436.51001,437.950216990832
2023-06-23,433.209991,437.174557941639
2023-06-26,431.440002,435.567542575416
2023-06-27,436.170013,434.447194519349
2023-06-28,436.390015,435.045567175827
2023-06-29,438.109985,436.027355845722
2023-06-30,443.279999,437.193455228941
2023-07-03,443.790009,440.04657263877
2023-07-05,443.130005,443.13105749379
2023-07-06,439.660004,443.469778936253
2023-07-07,438.549988,441.248290922068
2023-07-10,439.660004,440.440058917131
2023-07-11,442.459991,440.393872455074
2023-07-12,446.019989,441.504025921938
2023-07-13,449.559998,444.105200221783
2023-07-14,449.279999,447.403833612183
2023-07-17,450.839996,449.277151540254
2023-07-18,454.190002,450.593745438467
2023-07-19,455.200012,451.95279607098
2023-07-20,452.179993,454.270200250648
2023-07-21,452.179993,454.208348932012
2023-07-24,454.200012,453.921843678147
2023-07-25,455.440002,454.535881191204
2023-07-26,455.51001,455.49330230642
2023-07-27,452.48999,455.736791366821
2023-07-28,456.920013,455.316575372868
2023-07-31,457.790009,456.011610140381
2023-08-01,456.480011,457.40652832149
2023-08-02,450.130005,457.523455286672
2023-08-03,448.839996,454.125113840902
2023-08-04,446.809998,451.699361069893
2023-08-07,450.709991,449.943156593391
2023-08-08,448.75,450.520456288042
2023-08-09,445.75,449.663737822265
2023-08-10,445.910004,448.201808865788
2023-08-11,445.649994,447.625752413723
2023-08-14,448.109985,446.785879884981
2023-08-15,442.890015,447.186576970339
2023-08-16,439.640015,445.583477818261
2023-08-17,436.290009,443.212987180185
2023-08-18,436.5,440.324686005182
2023-08-21,439.339996,437.772122490436
2023-08-22,438.149994,438.334689760447
2023-08-23,443.029999,439.145967709718
2023-08-24,436.890015,440.705802019815
2023-08-25,439.970001,440.286207647156
2023-08-28,442.76001,439.396543252858
2023-08-29,449.160004,441.303739541388
2023-08-30,451.01001,444.370383865304
2023-08-31,450.350006,448.102411621065
2023-09-01,451.190002,450.248869945205
2023-09-05,449.23999,451.471101731166
2023-09-06,446.220001,451.18298026194
2023-09-07,444.850006,448.943154419616
2023-09-08,445.519989,446.83107175297
2023-09-11,448.450012,446.67324210672
2023-09-12,445.98999,447.925498201125
2023-09-13,446.51001,447.762757746663
2023-09-14,450.359985,447.497822751659
2023-09-15,443.369995,448.701903195869
2023-09-18,443.630005,446.711098843454
2023-09-19,442.709991,445.78811554786
2023-09-20,438.640015,444.173640726124
2023-09-21,431.390015,442.35602006589
2023-09-22,430.420013,437.451303741207
2023-09-25,432.230011,434.182818983509
2023-09-26,425.880005,432.926833161347
2023-09-27,426.049988,429.852294247012
2023-09-28,428.519989,427.34535773516
2023-09-29,427.480011,427.519971156316
2023-10-02,427.309998,427.959457410346
2023-10-03,421.589996,427.754011573066
2023-10-04,424.660004,425.191315631247
2023-10-05,424.5,424.279708005313
2023-10-06,429.540009,424.354799857487
2023-10-09,432.290009,425.302150707759
2023-10-10,434.540009,428.483173349555
2023-10-11,436.320007,432.132525473369
2023-10-12,433.660004,434.543483657609
2023-10-13,431.5,434.640270092902
2023-10-16,436.040009,433.742213811151
2023-10-17,436.019989,435.129672536747
2023-10-18,430.209991,435.905953207232
2023-10-19,426.429993,434.038540681443
2023-10-20,421.190002,431.02802876027
2023-10-23,420.459991,427.029884929049
2023-10-24,423.630005,424.225253980061
2023-10-25,417.549988,424.065000010769
2023-10-26,412.549988,421.76158231019
2023-10-27,410.679993,417.53623589644
2023-10-30,415.589996,414.37106459761
2023-10-31,418.200012,414.756096826389
2023-11-01,422.660004,416.317796000365
2023-11-02,430.76001,419.032789158927
2023-11-03,434.690002,424.561302450964
2023-11-06,435.690002,430.18019947898
2023-11-07,436.929993,433.712562475483
2023-11-08,437.25,435.643193886753
2023-11-09,433.839996,436.823155424802
2023-11-10,440.609985,436.453850214732
2023-11-13,440.190002,437.833414349909
2023-11-14,448.730011,440.104756391779
2023-11-15,449.679993,444.610454008595
2023-11-16,450.230011,448.47302223585
2023-11-17,450.790009,450.063502475683
2023-11-20,454.26001,450.743742656426
2023-11-21,453.269989,452.674871364731
2023-11-22,455.019989,453.975365271459
2023-11-24,455.299988,455.179632202058
2023-11-27,454.480011,456.247391096751
2023-11-28,454.929993,455.972572323191
2023-11-29,454.609985,455.757615680131
2023-11-30,456.399994,456.24403434177
2023-12-01,459.100006,456.273872163826
2023-12-04,456.690002,457.353939160117
2023-12-05,456.600006,457.617506588277
2023-12-06,454.76001,457.351141864299
2023-12-07,458.230011,457.029887980165
2023-12-08,460.200012,457.755009218251
2023-12-11,461.98999,458.730892485864
2023-12-12,464.100006,460.48672398959
2023-12-13,470.5,462.127306905625
2023-12-14,472.01001,465.2764403751
2023-12-15,469.329987,468.639349407178
2023-12-18,471.970001,468.919265475339
2023-12-19,474.839996,471.115329178647
2023-12-20,468.26001,473.34831718675
2023-12-21,472.700012,471.880296341603
2023-12-22,473.649994,471.887072013695
2023-12-26,475.649994,473.334019897015
2023-12-27,476.51001,474.992319019896
2023-12-28,476.690002,475.806083454339
2023-12-29,475.309998,476.474637154777
2024-01-02,472.649994,475.523307928231
2024-01-03,468.790009,473.746838597583
2024-01-04,467.279999,471.69940454539
2024-01-05,467.920013,470.210186414158
2024-01-08,474.600006,469.222119369206
2024-01-09,473.880005,470.964523853007
2024-01-10,476.559998,472.521125732381
2024-01-11,476.350006,474.337192339383
2024-01-12,476.679993,475.052740609559
2024-01-16,474.929993,476.25682105377
2024-01-17,472.290009,475.426770141454
2024-01-18,476.48999,473.642406220387
2024-01-19,482.429993,474.181165394883
2024-01-22,483.450012,477.280320512413
2024-01-23,484.859985,481.312467028352
2024-01-24,485.390015,483.574857723605
2024-01-25,488.029999,484.839857054513
2024-01-26,487.410004,486.312664383614
2024-01-29,491.269989,487.181877437378
2024-01-30,490.890015,488.921733273878
2024-01-31,482.880005,490.300924436279
2024-02-01,489.200012,486.988677539566
2024-02-02,494.350006,487.166461229315
2024-02-05,492.549988,490.285446066088
2024-02-06,493.980011,492.029404603121
2024-02-07,498.100006,493.168649946489
2024-02-08,498.320007,495.209246164461
2024-02-09,501.200012,497.077031663026
2024-02-12,500.980011,498.781330761576
2024-02-13,494.079987,500.367397490231
2024-02-14,498.570007,496.479031979324
2024-02-15,502.01001,496.959483076552
2024-02-16,499.51001,499.348933164059
2024-02-20,496.76001,499.955262573085
2024-02-21,497.209991,498.210371604112
2024-02-22,507.5,497.024939798687
2024-02-23,507.850006,501.432794224011
2024-02-26,505.98999,505.50397855714
2024-02-27,506.929993,506.503856406656
2024-02-28,506.26001,506.335894333333
2024-02-29,508.079987,505.954467508053
2024-03-01,512.849976,506.425096988854
2024-03-04,512.299988,508.990279415845
2024-03-05,507.179993,511.369597076279
2024-03-06,509.75,509.284617098
2024-03-07,514.809998,509.333911666521
2024-03-08,511.720001,511.568702376372
2024-03-11,511.279999,512.350328989976
2024-03-12,516.780029,511.536378069145
2024-03-13,515.969971,512.899904374967
2024-03-14,514.950012,514.661330470328
2024-03-15,509.829987,513.927382209885
2024-03-18,512.859985,511.331553853158
2024-03-19,515.710022,512.166639897945
2024-03-20,520.47998,513.463341914787
2024-03-21,522.200012,515.821835261912
2024-03-22,521.210022,519.309379363203
2024-03-25,519.77002,520.126811363273
2024-03-26,518.809998,520.054019509883
2024-03-27,523.169983,519.35463339332
2024-03-28,523.070007,520.139616761906
2024-04-01,522.159973,521.392307991216
2024-04-02,518.840027,522.135829219569
2024-04-03,519.409973,519.704108884149
2024-04-04,513.070007,519.057684901736
2024-04-05,518.429993,517.091248103999
2024-04-08,518.719971,517.000367070987
2024-04-09,519.320007,518.069369208266
2024-04-10,514.119995,517.758496399722
2024-04-11,518,515.154773452576
2024-04-12,510.850006,515.294700405592
2024-04-15,504.450012,512.975990821209
2024-04-16,503.529999,509.728019566175
2024-04-17,500.549988,506.473272639049
2024-04-18,499.519989,503.677406550289
2024-04-19,495.160004,501.658442753308
2024-04-22,499.720001,498.195701341602
2024-04-23,505.649994,498.302122906934
2024-04-24,505.410004,500.832059406621
2024-04-25,503.48999,503.061690659742
2024-04-26,508.26001,501.817577804273
2024-04-29,510.059998,504.291319739088
2024-04-30,501.980011,507.063937191495
2024-05-01,500.350006,505.289954346018
2024-05-02,505.029999,503.220701386448
2024-05-03,511.290009,503.309220258547
2024-05-06,516.570007,507.012902083354
2024-05-07,517.140015,511.792423879662
2024-05-08,517.190002,514.742887183948
2024-05-09,520.169983,515.734621794528
2024-05-10,520.840027,517.222348034657
2024-05-13,520.909973,519.071422732307
2024-05-14,523.299988,520.394916626871
2024-05-15,529.780029,521.229008077589
2024-05-16,528.690002,524.677887334466
2024-05-17,529.450012,527.409539943676
2024-05-20,530.059998,527.998961253537
2024-05-21,531.359985,529.166055230824
2024-05-22,529.830017,529.92499266724
2024-05-23,525.960022,529.487682087734
2024-05-24,529.440002,528.373736730984
2024-05-28,529.809998,528.542009614953
2024-05-29,526.099976,528.855493232927
2024-05-30,522.609985,527.178980606166
2024-05-31,527.369995,524.60994412716
2024-06-03,527.799988,523.442850149872
2024-06-04,528.390015,525.212357322041
2024-06-05,534.669983,526.38796751104
2024-06-06,534.659973,529.057271504579
2024-06-07,534.01001,531.664413368835
2024-06-10,535.659973,532.564210190206
2024-06-11,536.950012,533.258996309202
2024-06-12,541.359985,533.926431091313
2024-06-13,542.450012,537.267023918979
2024-06-14,542.780029,539.676428049986
2024-06-17,547.099976,540.517419497055
2024-06-18,548.48999,542.410629306496
2024-06-20,547,545.077136004218
2024-06-21,544.51001,545.637403275445
2024-06-24,542.73999,544.471676865002
2024-06-25,544.830017,543.860933944797
2024-06-26,545.51001,543.713112401362
2024-06-27,546.369995,543.866963671337
2024-06-28,544.219971,544.508103872762
2024-07-01,545.340027,544.064825728845
2024-07-02,549.01001,544.130531099497
2024-07-03,551.460022,545.083103568629
2024-07-05,554.640015,547.437805025867
2024-07-08,555.280029,549.945425321142
2024-07-09,555.820007,552.148886317834
2024-07-10,561.320007,553.732715209835
2024-07-11,556.47998,556.063173436653
2024-07-12,559.98999,556.408235416302
2024-07-15,561.530029,557.482832145217
2024-07-16,564.859985,559.310150097618
2024-07-17,556.940002,561.227665299609
2024-07-18,552.659973,558.639545046914
2024-07-19,548.98999,555.381938661841
2024-07-22,554.650024,551.801027042367
2024-07-23,553.780029,552.166353876163
2024-07-24,541.22998,552.956310215091
2024-07-25,538.409973,546.932489076926
2024-07-26,544.440002,542.54297247974
2024-07-29,544.76001,542.536445456165
2024-07-30,542,543.293331542314
2024-07-31,550.809998,542.157380791798
2024-08-01,543.01001,545.150984613806
2024-08-02,532.900024,544.645109205701
2024-08-05,517.380005,537.494164339379
2024-08-06,522.150024,524.324060494588
2024-08-07,518.659973,522.383358818374
2024-08-08,530.650024,522.365083152365
2024-08-09,532.98999,524.567673879247
2024-08-12,533.27002,527.826337020518
2024-08-13,542.039978,529.997100737208
2024-08-14,543.75,534.173587717342
2024-08-15,553.070007,538.19628558963
2024-08-16,554.309998,544.280466155328
2024-08-19,559.609985,548.740723255638
2024-08-20,558.700012,552.83068055181
2024-08-21,560.619995,555.624992587337
2024-08-22,556.219971,556.950910804942
2024-08-23,562.130005,556.937732433534
2024-08-26,560.789978,558.486128911843
2024-08-27,561.559998,559.816460640628
2024-08-28,558.299988,559.884590334322
2024-08-29,558.349976,558.49340188097
