Date,Actual_Open,Predicted_Open,Actual_High,Predicted_High,Actual_Low,Predicted_Low,Actual_Close,Predicted_Close
2010-01-13,113.949997,113.97741182,114.940002,114.91989976,113.370003,113.36312531,114.620003,114.5533992
2010-01-25,110.209999,110.03812443,110.410004,110.44078935,109.410004,109.39760692,109.769997,109.7728872
2010-01-27,109.169998,109.15215012,110.080002,110.06647458,108.330002,108.44672538,109.830002,109.60532532
2010-01-29,109.040001,108.98254985,109.800003,109.48496295,107.220001,107.22279948,107.389999,107.45128745
2010-02-02,109.260002,109.21349953,110.589996,110.56210029,108.879997,108.88745028,110.379997,110.34552535
2010-02-04,108.980003,108.58684929,109.029999,108.88395025,106.419998,106.28084831,106.440002,106.5904012
2010-02-10,107.050003,106.93595001,107.599998,107.68719509,106.110001,106.0534504,107.010002,107.10527504
2010-02-19,110.620003,110.65208783,111.57,111.49793844,110.360001,110.26353776,111.139999,111.1607119
2010-02-22,111.550003,111.4354242,111.580002,111.78454939,110.830002,110.8185745,111.160004,111.14778685
2010-02-26,110.769997,110.74522626,111.120003,111.2229881,110.110001,110.11479885,110.739998,110.78716226
2010-03-05,113.370003,113.46673733,114.339996,114.45116306,113.099998,113.15758755,114.25,114.18442615
2010-03-16,115.809998,115.87284903,116.519997,116.57815039,115.489998,115.47239886,116.410004,116.24852499
2010-03-18,117.110001,116.89731283,117.269997,117.42235055,116.57,116.28687546,117.040001,116.93524909
2010-03-23,116.760002,116.89247594,117.510002,117.63172551,116.379997,116.41780008,117.410004,117.2792244
2010-03-31,116.949997,117.06589979,117.519997,117.5620009,116.610001,116.64620103,117,117.00189911
2010-04-07,118.800003,118.84514923,119.360001,119.29478112,117.809998,117.8743625,118.360001,118.4018752
2010-04-08,117.949997,118.12614971,118.970001,118.93168613,117.599998,117.72435011,118.769997,118.64117538
2010-04-20,120.559998,120.35642481,120.980003,121.06407483,119.870003,119.90335058,120.879997,120.73624995
2010-04-29,120.099998,120.22319892,121.110001,121.07829953,120.07,120.07560051,120.860001,120.77840077
2010-04-30,120.879997,120.74500101,121.010002,121.24979911,118.779999,118.78999989,118.809998,119.09469997
2010-05-07,112.639999,112.57567475,113.769997,113.41746199,109.410004,109.82183708,111.260002,110.7911252
2010-05-11,115.07,115.70891208,117.360001,116.81453165,114.910004,114.86394954,115.830002,116.03681249
2010-05-17,114.199997,113.87568725,114.519997,114.49574369,111.769997,112.40719399,113.949997,113.69267427
2010-05-19,111.769997,111.98881222,112.769997,112.72511856,110.360001,110.55577441,111.760002,111.27666244
2010-05-27,109.190002,109.45661159,110.800003,110.80084421,108.779999,109.05271327,110.760002,110.50498005
2010-05-28,110.639999,110.37190017,110.720001,110.75577588,108.849998,109.1297947,109.370003,109.43637547
2010-06-01,108.349998,108.83279956,109.949997,109.68199974,107.370003,107.46288773,107.529999,107.85496217
2010-06-16,111.419998,111.49985004,112.419998,112.27246886,111.199997,111.12742491,111.959999,111.97307506
2010-06-23,109.639999,109.59926299,110.029999,110.05031173,108.480003,108.43876869,109.230003,109.26960023
2010-06-25,107.739998,107.62946196,108.419998,108.40766272,106.769997,106.90772479,107.870003,107.95306299
2010-07-01,103.150002,102.63702495,103.489998,103.49061181,101.129997,101.53328808,102.760002,102.57928109
2010-07-08,107,106.8360751,107.279999,107.55952625,105.910004,105.948188,107.160004,107.05290001
2010-07-26,110.599998,110.52179887,111.669998,111.75662557,110.290001,110.2134556,111.559998,111.47466234
2010-08-04,112.529999,112.46522561,113.110001,113.13254957,112.160004,112.12237486,112.970001,112.94585061
2010-08-13,108.290001,108.33592534,108.959999,109.08216223,108.18,107.83302514,108.309998,108.60411259
2010-08-16,107.57,107.51348721,108.610001,108.53659459,107.18,106.95331231,108.260002,108.2611504
2010-08-17,109.190002,109.26063661,110.389999,110.16812444,108.879997,108.89138832,109.589996,109.66657593
2010-08-19,109.220001,109.06645054,109.489998,109.56669968,107.43,107.54994948,107.879997,107.85902426
2010-08-20,107.559998,107.49033728,107.940002,108.05841194,106.75,106.7424495,107.529999,107.35762561
2010-08-23,108.040001,108.00645006,108.57,108.46758169,107.07,106.79468664,107.120003,107.34001291
2010-08-24,105.949997,105.99631247,106.389999,106.38828757,104.970001,104.94660058,105.529999,105.44285011
2010-09-02,108.720001,108.73017428,109.489998,109.71723655,108.489998,108.2815129,109.470001,109.45401258
2010-09-08,109.860001,110.05759922,110.849998,110.91011258,109.809998,109.652331,110.410004,110.41142433
2010-09-15,112.32,112.41432447,113.209999,113.19401186,111.980003,112.02556302,113.080002,113.0359623
2010-09-21,114.300003,114.2890257,114.839996,114.86030007,113.510002,113.5568936,113.980003,114.11352433
2010-10-04,114.370003,114.44171308,114.849998,114.82605501,113.18,113.21424342,113.75,113.80438636
2010-10-05,114.800003,114.93242517,116.32,116.3227995,114.669998,114.56453662,116.040001,115.9657257
2010-10-07,116.5,116.18112469,116.529999,116.61771881,115.190002,115.25687519,115.889999,115.78967573
2010-10-11,116.720001,116.6927384,116.970001,117.24039951,116.25,116.08772542,116.650002,116.66521188
2010-10-22,118.309998,118.18878615,118.529999,118.58733528,118,117.87973952,118.349998,118.29347562
2010-10-29,118.279999,118.21689866,118.720001,118.73199769,118.07,117.9325016,118.489998,118.48450107
2010-11-01,119.07,119.10253743,119.75,119.63877517,117.849998,118.08155071,118.529999,118.53948691
2010-11-15,120.580002,120.53256258,121.050003,121.06398789,119.980003,119.99727614,120.029999,120.29787399
2010-11-22,119.690002,119.56189998,120.239998,120.5314243,118.769997,118.99630044,120.190002,120.1351752
2010-11-24,119.199997,119.48549982,120.230003,120.47587471,119.18,119.19169992,120.199997,120.16102472
2010-12-08,122.980003,122.9654001,123.379997,123.56315657,122.410004,122.47091267,123.279999,123.18163783
2010-12-13,125.050003,125.00361849,125.199997,125.39780076,124.519997,124.20375123,124.559998,124.73432442
2010-12-16,124.18,124.19490047,124.910004,124.96424876,123.75,123.8107011,124.82,124.70345019
2011-01-03,126.709999,126.67493774,127.599998,127.48725657,125.699997,125.97741245,127.050003,127.0093628
2011-01-21,128.880005,128.91470053,129.169998,129.26629742,128.229996,128.16804879,128.369995,128.55240042
2011-01-31,128.070007,128.13506449,128.779999,128.82945035,127.75,127.7979878,128.679993,128.53267538
2011-02-01,129.460007,129.67399864,130.970001,131.06494875,129.380005,129.30873794,130.740005,130.74076265
2011-02-04,130.830002,130.71574881,131.199997,131.38353892,130.229996,130.35980252,131.149994,131.13154942
2011-02-16,133.460007,133.60005697,134.009995,134.03723732,133.190002,133.12399967,133.850006,133.72201306
2011-02-25,131.479996,131.61593807,132.410004,132.42313542,131.399994,131.36581129,132.330002,132.08143747
2011-03-01,133.570007,133.15867429,133.690002,133.52229452,130.889999,130.91253767,130.929993,131.52173731
2011-03-10,131,130.94529824,131.179993,131.29189902,129.809998,129.62942485,129.940002,130.2003914
2011-03-18,128.839996,128.6709827,128.880005,129.01337204,127.510002,127.46868803,127.760002,127.96221282
2011-03-31,132.600006,132.60879385,132.960007,133.12603958,132.449997,132.24488881,132.589996,132.64921372
2011-04-01,133.410004,133.40502157,133.770004,133.79964886,132.830002,132.78057733,133.149994,133.22476285
2011-04-27,135.050003,135.11977711,135.869995,135.92698761,134.5,134.62742431,135.669998,135.58223066
2011-05-05,134.080002,134.24980235,134.949997,134.90041648,133.020004,133.05656878,133.610001,133.60363821
2011-05-19,134.800003,134.66701403,135.029999,135.17403682,133.940002,133.78738628,134.679993,134.84078559
2011-05-23,131.979996,132.10601273,132.720001,132.79274931,131.589996,131.56654359,132.059998,132.0912179
2011-05-26,132.029999,132.0227615,133.240005,133.3126494,131.779999,131.55733818,133,133.00643823
2011-05-27,133.369995,133.43897984,133.869995,134.00953612,132.960007,132.82348909,133.509995,133.50025007
2011-06-01,134.509995,134.41640647,134.919998,134.79222503,131.759995,131.66621964,131.869995,132.09561882
2011-06-21,128.360001,128.39786144,129.699997,129.6637748,127.75,128.02791432,129.449997,129.44182394
2011-07-05,133.779999,133.70701898,134.080002,134.07241839,133.389999,133.27196231,133.809998,133.74375019
2011-07-06,133.490005,133.56261301,134.139999,134.14024846,133.110001,133.10147565,133.970001,133.8436374
2011-07-14,132.169998,132.28637417,132.779999,132.74425022,130.679993,130.83160705,130.929993,131.50575611
2011-07-18,131.080002,130.87390499,131.279999,131.3069609,129.630005,129.7020996,130.610001,130.57357154
2011-07-20,133.070007,132.88838154,133.149994,133.32160668,132.419998,132.26715074,132.649994,132.69633282
2011-07-22,134.520004,134.35812559,134.720001,134.89083735,133.759995,133.70879978,134.580002,134.6108861
2011-07-25,133.300003,133.64830078,134.490005,134.42215569,133.160004,133.00843152,133.830002,133.86854432
2011-07-26,133.740005,133.71526124,133.960007,133.99815031,133.029999,133.03671224,133.330002,133.49253855
2011-07-28,130.600006,130.70440457,131.770004,131.62201844,130.009995,129.99649445,130.220001,130.63466744
2011-08-08,116.910004,117.4032879,120.120003,118.56386131,112.019997,112.47150671,112.260002,114.18339903
2011-08-11,113.260002,114.60870085,118.919998,117.30590025,112.32,111.83451236,117.330002,116.04490043
2011-08-15,119.190002,119.19029978,120.739998,120.94655031,119,118.59350048,120.620003,120.44654894
2011-08-18,116.5,117.00998861,119.709999,118.23698659,113.389999,113.55700112,114.510002,114.99289845
2011-08-19,112.959999,114.45051214,115.879997,115.54043717,112.5,112.05126319,112.639999,113.30385062
2011-08-24,116.190002,116.41578907,118.239998,118.22866319,115.919998,115.97629929,118.080002,117.86681158
2011-08-26,115.690002,116.20751429,118.510002,118.08480073,113.849998,114.86113782,117.970001,117.26652448
2011-09-16,121.290001,121.12090073,121.970001,121.92790023,120.32,120.55450025,121.519997,121.42650004
2011-09-20,120.82,121.13279972,121.989998,121.69820049,120.010002,120.14380075,120.169998,120.62229989
2011-10-13,120.040001,119.86862458,120.870003,120.8563247,119.120003,119.33825025,120.510002,120.34659965
2011-10-19,122.379997,122.25225048,123.080002,123.05538866,120.709999,120.85078737,121.129997,121.23876347
2011-10-20,121.43,121.05152525,122.099998,122.00627542,119.82,119.90925136,121.660004,121.29875021
2011-10-27,127.629997,127.55884359,129.419998,129.16061135,126.610001,126.87333746,128.630005,128.50144215
2011-11-02,123.830002,123.7335124,124.400002,124.31707535,122.790001,122.84707539,123.989998,123.96623724
2011-11-28,119.540001,119.61628759,120.18,120.25428663,118.82,118.896256,119.709999,119.61560028
2011-12-09,124.510002,124.80439965,126.370003,126.31443729,124.400002,124.16943773,126.050003,126.03361247
2011-12-13,124.860001,124.70576257,125.57,125.48751276,122.449997,122.61588799,123.050003,123.12262612
2011-12-15,123.029999,123.02768719,123.199997,123.31907445,121.989998,122.01829979,122.18,122.32417515
2011-12-29,125.239998,125.39637485,126.25,126.44457518,124.860001,124.90057551,126.120003,126.01961354
2012-01-17,130.080002,129.89929766,130.320007,130.28822468,128.899994,128.97929812,129.339996,129.39812452
2012-01-20,131.240005,131.30587525,131.949997,132.01683655,130.919998,130.93829894,131.949997,131.69576424
2012-02-17,136.520004,136.37339991,136.630005,136.7780836,135.960007,135.86430451,136.410004,136.46262315
2012-03-20,140.050003,140.069574,140.610001,140.58471124,139.639999,139.62272467,140.440002,140.41153865
2012-03-22,139.179993,139.14720108,139.550003,139.83763068,138.740005,138.53433687,139.199997,139.24401157
2012-03-26,140.649994,140.7790745,141.610001,141.63348772,140.600006,140.38667538,141.610001,141.21723692
2012-04-02,140.639999,140.70216887,142.210007,142.10690667,140.360001,140.20660015,141.839996,141.59413772
2012-04-11,137.289993,137.15521048,137.539993,137.7429421,136.75,136.53168904,137,137.08616319
2012-04-24,136.910004,136.94468559,137.660004,137.69643028,136.800003,136.49832522,137.309998,137.23447485
2012-05-23,131.25,131.13585095,132.460007,132.48143731,129.990005,130.34875589,132.270004,131.87078859
2012-06-01,129.410004,130.27766456,131.5,131.04534327,128.160004,128.07251386,128.160004,128.55828651
2012-06-11,134.169998,133.89796871,134.25,134.26769333,131.279999,131.31868745,131.410004,131.62174993
2012-06-22,133.130005,133.03512506,133.710007,133.81574807,132.619995,132.60867519,133.460007,133.43966266
2012-06-26,131.699997,131.70182636,132.380005,132.39934275,130.929993,131.0024515,131.979996,131.81176247
2012-07-19,137.649994,137.64172782,138.179993,138.16798493,137.210007,137.14437211,137.729996,137.76941187
2012-07-26,135.889999,135.85757553,136.460007,136.59336183,135.259995,134.99022494,136.169998,136.084375
2012-07-30,138.520004,138.53852754,139.339996,139.25359955,138.270004,138.21544967,138.679993,138.7824615
2012-08-08,139.850006,140.13549953,140.649994,140.71902402,139.809998,139.75204943,140.490005,140.43630823
2012-08-10,140.039993,140.18712509,140.889999,140.91293643,139.809998,139.85272368,140.839996,140.70127735
2012-08-22,141.399994,141.45342314,142.050003,142.04143671,141.070007,141.14286073,141.820007,141.80584844
2012-08-29,141.520004,141.50043621,141.889999,141.97147349,141.119995,140.99029868,141.509995,141.54233476
2012-08-30,140.899994,140.65636277,140.940002,141.04795033,140.190002,139.9277992,140.490005,140.57724427
2012-09-04,141.039993,141.00214904,141.460007,141.47198259,140.130005,140.31868912,141.029999,140.94803225
2012-09-14,146.880005,147.12642493,148.110001,147.89743058,146.759995,146.60532493,147.240005,147.26013146
2012-09-17,146.940002,146.8117973,147.190002,147.24516125,146.369995,146.31866398,146.740005,146.74092329
2012-09-25,145.960007,145.74290702,146.240005,146.08370015,144.059998,144.10794476,144.100006,144.59017421
2012-09-27,143.889999,143.88738947,144.970001,145.00525581,143.509995,143.47069201,144.639999,144.60143921
2012-09-28,144.089996,144.01815028,144.559998,144.56595113,143.460007,143.41493101,143.970001,143.87472514
2012-10-01,144.520004,144.70631167,145.690002,145.27542494,144.009995,143.9061818,144.350006,144.68481197
2012-10-08,145.600006,145.64555094,146.119995,146.16728119,145.309998,145.21248602,145.639999,145.7456183
2012-10-09,145.529999,145.31678745,145.649994,145.57666235,144.149994,143.94621418,144.199997,144.42451104
2012-11-14,138.210007,137.90587405,138.429993,138.61767399,135.619995,135.47634857,135.929993,136.10087329
2012-11-16,135.899994,135.87503722,136.639999,136.87984391,134.699997,134.68325053,136.369995,136.31125102
2012-11-21,139.309998,139.20922518,139.570007,139.96935545,139.029999,138.71324965,139.449997,139.40350453
2012-11-27,140.910004,140.89398777,141.389999,141.38342484,140.240005,139.9087873,140.330002,140.47360608
2012-12-04,141.440002,141.47308665,141.869995,141.98945475,140.869995,140.8265491,141.25,141.41928653
2012-12-11,143.059998,143.20656259,144.110001,144.04584198,142.990005,142.94392516,143.440002,143.67484974
2012-12-14,142.320007,142.25046389,142.580002,142.6655508,141.880005,141.78448761,142.100006,142.19103915
2012-12-21,142.169998,142.62999919,144.089996,143.80508191,141.940002,142.01528129,142.789993,142.99204479
2012-12-27,141.789993,141.55341859,142.080002,142.158287,139.919998,140.25947462,141.559998,141.3831875
2013-01-03,145.990005,145.86280752,146.369995,146.37360624,145.339996,145.26621733,145.729996,145.84967415
2013-01-23,149.130005,149.0064426,149.5,149.76256443,148.860001,148.52736728,149.369995,149.37572996
2013-01-24,149.149994,149.40753078,150.139999,150.0950141,149.009995,148.8839878,149.410004,149.65112307
2013-01-29,149.770004,149.97600083,150.850006,150.91130915,149.669998,149.61762507,150.660004,150.70923214
2013-02-01,150.649994,150.7459019,151.419998,151.59831886,150.389999,150.3518804,151.240005,151.21498363
2013-02-06,150.520004,150.68291484,151.259995,151.5278059,150.410004,150.30575522,151.160004,151.23500883
2013-02-07,151.210007,150.80031438,151.350006,151.46406219,149.860001,149.98215501,150.960007,150.90712571
2013-02-13,152.330002,152.33529683,152.610001,152.66739801,151.720001,151.62440215,152.149994,152.17099904
2013-02-14,151.690002,151.55119986,152.470001,152.32433707,151.520004,151.20711216,152.289993,151.93761476
2013-02-19,152.369995,152.68325189,153.279999,153.59430053,152.160004,152.29273676,153.25,153.15542484
2013-02-27,149.889999,150.58633762,152.330002,151.79117457,149.759995,149.55560087,151.910004,151.30118792
2013-03-08,155.460007,155.06900096,155.649994,155.65810136,154.660004,154.55459906,155.440002,155.23240292
2013-03-11,155.320007,155.4828987,156.039993,156.09860096,155.130005,155.03980043,156.029999,155.86460009
2013-03-25,156.009995,155.96979981,156.270004,156.27680267,154.350006,154.43400081,154.949997,155.2933993
2013-04-09,156.5,156.50969758,157.320007,157.12650475,155.979996,155.89919921,156.75,156.61690321
2013-04-10,157.169998,158.18779756,158.869995,158.80120046,157.130005,157.55459768,158.669998,158.27230381
2013-05-07,162.130005,161.84350036,162.649994,162.81310009,161.669998,161.20890031,162.600006,162.47739904
2013-05-14,163.669998,164.39420066,165.350006,165.26400084,163.669998,163.65440017,165.229996,164.7245009
2013-05-15,164.960007,165.23469973,166.449997,166.28689997,164.910004,164.93019959,166.119995,165.73570029
2013-05-23,164.160004,164.60280008,165.910004,165.55970278,163.940002,164.08799964,165.449997,165.22390024
2013-05-29,165.419998,165.14899925,165.800003,165.69019952,164.339996,164.44039961,165.220001,165.08430168
2013-05-31,165.369995,165.06060093,166.309998,165.78439948,163.130005,163.77910215,163.449997,164.20089921
2013-06-04,164.440002,163.87280006,165.100006,164.72639871,162.729996,162.97570207,163.559998,163.89230142
2013-06-12,164.220001,162.93439988,164.389999,163.88639955,161.600006,161.5804021,161.75,162.42620145
2013-06-14,164.029999,163.65630124,164.669998,164.62639814,162.910004,162.8018033,163.179993,163.60440246
2013-07-03,160.479996,160.98309954,161.770004,161.977501,160.220001,160.36959988,161.279999,161.11570126
2013-07-15,167.970001,168.10400051,168.389999,168.53759763,167.679993,167.51019965,168.149994,167.98659866
2013-07-22,169.410004,169.57710239,169.740005,169.93070065,169.009995,168.82470216,169.5,169.3190006
2013-07-29,168.679993,168.4629,169.059998,169.09989846,168.110001,168.13879824,168.589996,168.89829726
2013-07-30,169.100006,169.10989897,169.279999,169.54300037,168.190002,168.33159792,168.589996,168.88740057
2013-07-31,168.940002,169.27239959,169.850006,169.65300016,168.490005,168.4640988,168.710007,168.98160147
2013-08-06,170.369995,170.33900189,170.740005,170.83359872,169.350006,169.61550023,169.729996,170.1399979
2013-08-07,169.190002,169.22190198,169.429993,169.71130121,168.550003,168.57290146,169.179993,169.1940008
2013-08-08,169.979996,169.68590293,170.179993,170.30030169,168.929993,169.0650019,169.800003,169.74959931
2013-08-20,165.039993,165.21749789,166.199997,166.14630147,164.860001,164.68019951,165.580002,165.50500154
2013-09-03,165.229996,164.9527979,165.580002,165.69309894,163.699997,163.87920137,164.389999,164.36139949
2013-09-11,168.639999,168.63840117,169.399994,169.1740977,168.350006,168.32439928,169.399994,169.02419835
2013-09-12,169.339996,169.23560264,169.559998,169.62860286,168.720001,168.67370151,168.949997,169.18140105
2013-09-25,169.639999,169.45660209,169.979996,170.05190142,168.889999,168.85050306,169.039993,169.45610019
2013-10-03,168.789993,167.79869854,168.940002,168.5114978,166.839996,167.16739958,167.619995,167.91339927
2013-10-10,167.289993,167.68389961,169.259995,168.72939813,167.229996,167.24869984,169.169998,168.27069682
2013-10-16,170.720001,171.21760114,172.160004,172.22430297,170.639999,170.51830062,172.070007,171.55330069
2013-10-18,173.860001,173.82869876,174.509995,174.3653017,173.509995,173.21499772,174.389999,173.8946975
2013-11-01,176.020004,176.09289709,176.610001,176.82209886,175.220001,175.55770038,176.210007,176.18049701
2013-11-22,179.979996,180.59510126,180.830002,181.00610028,179.770004,180.01369849,180.809998,180.53769971
2013-11-29,181.320007,181.08719797,181.75,181.58720001,180.800003,180.73570101,181,181.2503975
2013-12-02,181.089996,180.96380081,181.429993,181.22420021,180.25,180.43289719,180.529999,180.77670031
2013-12-03,179.940002,179.68700434,180.389999,180.44989905,179.169998,178.75410351,179.75,179.59249899
2013-12-13,178.5,178.40389944,178.660004,178.94110028,177.770004,177.52229675,178.110001,178.11400336
2013-12-31,184.070007,184.18800187,184.690002,184.82250146,183.929993,183.72310305,184.690002,184.41930335
2014-01-10,183.949997,184.01949956,184.220001,184.34150235,183.009995,183.20650221,184.139999,183.86910094
2014-01-13,183.669998,183.26669887,184.179993,183.80710041,181.339996,182.24690123,181.690002,182.94069985
2014-02-07,178.309998,178.77189978,179.869995,179.61259983,177.729996,178.23829774,179.679993,179.03930086
2014-02-10,179.699997,179.44790174,180.070007,180.28009991,179.210007,178.64440055,180.009995,179.48450026
2014-02-25,185.059998,184.96900064,185.589996,185.79120186,184.229996,184.26460046,184.839996,184.9675043
2014-02-27,184.580002,184.73010028,185.869995,186.00719947,184.369995,184.08549943,185.820007,185.17520243
2014-03-07,188.960007,188.23590231,188.960007,188.77359983,187.429993,187.51779902,188.259995,188.24569931
2014-03-11,188.440002,187.91629997,188.710007,188.46040102,186.800003,186.62549931,187.229996,187.3288989
2014-03-13,187.839996,186.944599,187.990005,187.63390083,184.660004,185.19599834,185.179993,185.89069967
2014-03-20,186.25,186.95210352,187.889999,187.91190233,185.919998,186.09989707,187.75,187.51050192
2014-04-03,189.169998,188.39440342,189.220001,189.10640217,188.050003,187.85689929,188.630005,188.7128013
2014-04-04,189.660004,188.40050249,189.699997,189.1863015,186.100006,186.55729916,186.399994,187.35519873
2014-04-07,185.949997,185.49790039,186.259995,186.29459929,183.960007,184.21779937,184.339996,185.20100118
2014-04-15,183.320007,183.48829795,184.330002,184.36930049,181.509995,182.54230093,184.199997,183.66910131
2014-04-17,185.880005,185.9811003,186.910004,187.02120088,185.559998,185.32009938,186.389999,186.54279858
2014-04-30,187.440002,187.4649974,188.5,188.38949928,187.179993,186.95100053,188.309998,188.09450002
2014-05-02,188.309998,188.34420252,189.139999,189.15020104,187.779999,187.6213992,188.059998,188.50550039
2014-05-09,187.710007,187.71219903,188.039993,188.2721006,186.830002,186.92480086,187.960007,187.71920017
2014-05-21,188.089996,188.32590294,189.220001,189.23970171,188.059998,187.76270053,189.130005,188.80570058
2014-05-22,189.179993,189.47419806,189.979996,190.14390107,188.860001,188.71999909,189.589996,189.75270014
2014-06-09,195.350006,195.25629875,196.050003,196.04049911,195.169998,194.84799905,195.580002,195.79190131
2014-06-10,195.339996,195.26209895,195.639999,195.99679918,194.919998,194.8142992,195.600006,195.82290183
2014-06-11,194.899994,194.90819702,195.119995,195.69179694,194.479996,194.53079931,194.919998,195.39800132
2014-06-12,194.690002,194.4068003,194.800003,195.10950095,193.110001,193.10360187,193.539993,193.74910067
2014-06-24,195.529999,195.38309991,196.5,196.20249944,194.479996,194.5125996,194.699997,195.57419923
2014-06-25,194.289993,195.10819855,195.779999,195.85920088,194.25,194.42160048,195.580002,195.44570087
2014-07-01,196.199997,196.57070071,197.630005,197.66480144,196.130005,196.21120255,197.029999,197.3855995
2014-07-08,197.149994,196.70859975,197.220001,197.14480007,195.759995,195.4473977,196.240005,196.13589935
2014-07-23,198.5,198.23519815,198.850006,198.93239836,198.100006,197.682599,198.639999,198.49489916
2014-07-24,198.830002,198.49589872,199.059998,199.14049869,198.449997,197.88479991,198.649994,198.65929992
2014-07-31,195.610001,195.33049971,195.779999,195.90420129,192.970001,193.02430117,193.089996,193.33729864
2014-08-01,192.559998,192.79720042,193.759995,193.67490273,191.570007,191.37749972,192.5,192.51709872
2014-08-12,193.610001,194.06860059,194.149994,194.81820118,192.940002,192.7162015,193.529999,193.62520218
2014-08-19,197.839996,197.99369776,198.539993,198.68859711,197.440002,197.38789892,198.389999,198.21319953
2014-08-27,200.429993,200.34999936,200.570007,200.89250175,199.940002,199.75430013,200.25,200.35080149
2014-09-02,200.970001,200.6477984,201,201.12550142,199.860001,199.87500241,200.610001,200.54370229
2014-09-03,201.380005,201.28929986,201.410004,201.76779975,200.220001,200.11219861,200.5,200.76820038
2014-09-05,200.169998,200.14579905,201.190002,201.34050126,199.410004,199.33529993,201.110001,200.82040105
2014-09-15,199.160004,198.82059936,199.320007,199.44519871,198.380005,197.94060103,198.979996,198.73110026
2014-09-23,198.429993,198.30629699,199.259995,199.11649889,197.949997,197.45900082,198.009995,198.26619888
2014-10-08,193.369995,194.26809898,196.919998,195.23360208,192.360001,192.89540065,196.639999,194.43540204
2014-10-10,192.690002,192.33790158,193.649994,192.91010214,190.490005,190.03960055,190.539993,191.12130008
2014-10-28,196.820007,196.93740049,198.419998,198.4090007,196.729996,196.40550065,198.410004,197.96749961
2014-12-09,204.369995,204.53040202,206.600006,206.7493012,203.910004,204.17659787,206.470001,206.37209926
2014-12-31,207.990005,207.28220118,208.190002,208.12979925,205.389999,205.34509988,205.539993,205.96059901
2015-01-15,201.630005,201.56019922,202.009995,202.4176971,198.880005,199.25529998,199.020004,199.86030038
2015-01-20,202.399994,202.05249929,202.720001,202.97099952,200.169998,200.45890143,202.059998,201.80660008
2015-01-30,200.570007,200.70139982,202.169998,202.00689884,199.130005,199.03700072,199.449997,199.6783994
2015-02-02,200.050003,199.56300272,202.029999,201.98790152,197.860001,198.58649751,201.919998,201.27040207
2015-02-19,209.410004,209.49189703,210.419998,210.36760438,209.240005,209.17779968,209.979996,210.02800072
2015-02-23,210.940002,210.76839834,211.210007,211.56440092,210.479996,210.16699991,211.210007,210.9899024
2015-03-03,211.470001,211.09009979,212.050003,211.85430064,210.080002,210.10539913,211.119995,210.94110193
2015-03-12,205.259995,205.70079972,207.179993,207.47279602,205.199997,205.25669969,207.100006,206.82379912
2015-03-24,209.850006,209.87639871,210.399994,210.34840215,208.740005,208.77439932,208.820007,209.08739958
2015-03-30,206.979996,207.1909008,208.610001,208.55479957,206.960007,206.73210028,208.25,208.25339834
2015-03-31,207.259995,207.25520017,208.100006,207.86319917,206.360001,206.06449815,206.429993,206.70639854
2015-04-10,209.199997,209.20519835,210.089996,210.27259976,208.960007,208.98550151,210.039993,209.96020343
2015-05-01,209.399994,209.63639842,210.770004,210.92389966,209.279999,209.23279938,210.720001,210.70759991
2015-05-11,211.570007,211.38520122,211.889999,211.78300077,210.520004,210.44220161,210.610001,210.80730027
2015-05-13,210.470001,210.44989746,211.220001,211.23189806,209.740005,209.75089767,210.020004,210.09170382
2015-05-14,211.240005,211.37789867,212.320007,212.33679986,210.910004,210.98200027,212.210007,211.98670043
2015-06-23,212.139999,211.98760052,212.440002,212.5457981,211.570007,211.52770067,212.039993,212.01460006
2015-06-25,211.100006,210.91059962,211.25,211.40889904,209.770004,209.68679912,209.860001,210.05400077
2015-07-01,207.729996,207.53480171,208.029999,208.23049881,206.559998,206.54989913,207.5,207.39919862
2015-07-06,205.770004,206.04379894,207.649994,207.44839727,205.529999,205.30979822,206.720001,206.53749905
2015-07-10,207.289993,206.77810108,207.979996,208.03129813,204.949997,205.24500125,207.479996,207.32130065
2015-07-30,210.160004,210.03719861,211.020004,210.99749841,209.419998,209.4521998,210.820007,210.50750067
2015-08-10,209.279999,209.76599761,210.669998,210.78580134,209.279999,209.21569844,210.570007,210.42460011
2015-08-14,208.429993,208.62930075,209.509995,209.70280077,208.259995,207.98589996,209.419998,209.20330176
2015-08-21,201.729996,201.82239936,203.940002,202.91049775,197.520004,199.45590164,197.830002,200.11770031
2015-08-25,195.429993,190.3947024,195.449997,194.96939886,186.919998,185.84389882,187.270004,189.19130011
2015-08-26,192.080002,191.37049997,194.789993,194.39410001,188.369995,189.06909929,194.460007,192.34410081
2015-08-28,198.5,198.44499801,199.839996,200.14579875,197.919998,197.77570258,199.279999,198.94870209
2015-08-31,198.110001,198.2233978,199.130005,198.88759808,197.009995,196.89880153,197.669998,197.70529836
2015-09-04,192.850006,192.92449857,193.860001,193.85800298,191.610001,191.41089932,192.589996,192.66089946
2015-09-16,198.820007,199.3231001,200.410004,200.69329961,198.410004,198.78029977,200.179993,200.11210096
2015-09-18,195.710007,196.41159968,198.679993,197.6170994,194.960007,194.99310246,195.449997,196.13710123
2015-10-07,198.899994,198.45879842,199.830002,199.98879967,197.479996,197.79550081,199.410004,199.25530128
2015-10-12,201.419998,201.52290087,201.759995,201.96670068,200.910004,200.68320294,201.520004,201.55960308
2015-10-20,202.850006,203.08940086,203.839996,203.96590094,202.550003,202.47890163,203.110001,203.64789919
2015-10-22,202.979996,203.74830163,205.509995,205.22719857,201.850006,202.6304016,205.259995,204.2980013
2015-10-27,206.199997,206.46519936,207,207.19439749,205.789993,205.62009886,206.600006,206.47799956
2015-10-29,208.350006,208.46070079,209.270004,209.2948989,208.210007,207.95800128,208.830002,208.88620158
2015-10-30,209.059998,208.95799923,209.440002,209.40130085,207.740005,207.47139929,207.929993,208.03560312
2015-11-10,207.509995,207.53829996,208.600006,208.64999955,207.190002,206.93819943,208.559998,208.28509956
2015-11-13,204.350006,203.91720111,204.669998,204.49890007,202.440002,202.33659937,202.539993,203.21499968
2015-11-16,202.320007,203.71560055,205.690002,205.57080029,202.179993,202.74060196,205.619995,204.76190115
2015-11-20,209.449997,209.54960027,210.119995,210.25480037,208.860001,208.84360077,209.309998,209.54560188
2015-11-25,209.5,209.38590092,209.740005,210.10390025,209.009995,208.74480089,209.320007,209.46200246
2015-11-27,209.429993,209.38460132,209.800003,210.16430014,208.860001,208.79269994,209.559998,209.64680156
2015-12-02,210.619995,209.70930007,211,210.2825016,208.229996,208.2045992,208.529999,208.94930085
2015-12-03,208.830002,207.66070303,209.149994,208.79890103,204.75,205.2914023,205.610001,205.80659846
2015-12-08,206.490005,206.83079946,208.289993,207.79659752,205.779999,205.85599974,206.949997,206.95179817
2015-12-09,206.190002,206.34520181,208.679993,207.5779982,204.179993,204.54569824,205.339996,205.49179814
2015-12-11,203.350006,203.56409949,204.139999,204.30699849,201.509995,201.25820186,201.880005,201.92120129
2015-12-16,206.369995,206.28789915,208.389999,208.22449781,204.800003,205.34130221,208.029999,207.70560062
2015-12-17,208.399994,207.31220121,208.479996,208.10059984,204.839996,205.12720147,204.860001,205.61999809
2015-12-21,201.410004,201.47349828,201.880005,202.26149887,200.089996,200.27170211,201.669998,201.49080093
2015-12-23,204.690002,204.73760093,206.070007,206.0858003,204.580002,204.20990035,206.020004,205.70680166
2015-12-24,205.720001,205.66819993,206.330002,206.38869949,205.419998,204.98649991,205.679993,205.66010179
2016-01-07,195.330002,195.47859966,197.440002,196.27150167,193.589996,193.44970275,194.050003,194.3649013
2016-01-14,189.550003,190.84360143,193.259995,192.57250017,187.660004,188.73840185,191.929993,191.38210044
2016-01-27,189.580002,190.63560246,191.559998,191.11389891,187.059998,187.43280141,188.130005,188.75939909
2016-02-01,192.529999,192.60929843,194.580002,194.15310103,191.839996,191.58979959,193.649994,193.5791022
2016-02-04,190.710007,191.2498009,192.75,192.72850035,189.960007,189.95730183,191.600006,192.22330216
2016-02-17,191.160004,191.56030242,193.320007,193.26389735,191.009995,190.81429939,192.880005,192.94990224
2016-02-22,193.869995,194.16379908,194.949997,194.94960017,193.789993,193.71180269,194.779999,194.45719916
2016-02-25,193.729996,194.19590002,195.550003,195.05829982,192.830002,193.22910094,195.539993,194.58120044
2016-03-09,199.360001,199.22899986,199.789993,199.92349955,198.429993,198.42710184,199.380005,199.20099907
2016-03-14,202.160004,202.37159886,203.039993,203.12429748,201.770004,201.2445997,202.5,202.6158978
2016-03-15,201.360001,201.63849797,202.529999,202.43570063,201.050003,200.89370228,202.169998,202.09770126
2016-03-16,201.600006,202.44599968,203.820007,203.41549813,201.550003,201.54610096,203.339996,202.9579985
2016-03-18,204.169998,203.98880329,204.779999,204.86910071,203.800003,203.49680266,204.380005,204.36390007
2016-03-24,202,202.29529987,203.160004,203.263997,201.740005,201.43190017,203.119995,203.00589782
2016-03-28,203.610001,203.53010171,203.860001,204.13950122,202.710007,202.79529933,203.240005,203.53260183
2016-03-29,202.759995,203.64070192,205.25,205.2917001,202.399994,202.85870251,205.119995,204.79970039
2016-04-04,206.830002,206.74849961,207.070007,207.34129956,205.889999,205.61759877,206.25,206.5082989
2016-04-12,204.220001,204.13619928,206.25,206.04210301,203.699997,203.72780095,205.919998,205.54360013
2016-04-19,209.740005,209.72110088,210.199997,210.3974028,208.940002,208.85120144,209.899994,209.86109897
2016-04-26,209.039993,208.91730083,209.520004,209.63359997,208.360001,208.07149988,208.919998,208.89900275
2016-05-04,204.990005,205.03530047,205.850006,205.88799926,204.419998,204.28509922,205.009995,205.04790227
2016-05-17,206.460007,206.42340203,206.800003,206.90689971,204.229996,204.55530168,204.850006,204.87369626
2016-05-24,206.169998,206.6624989,208.240005,208.40899701,206.139999,206.11530205,207.869995,208.07559969
2016-05-26,209.440002,209.37860096,209.710007,210.12920025,208.970001,208.75450088,209.339996,209.51630225
2016-06-10,210.460007,210.37179695,210.860001,210.91919867,209.429993,209.49699958,210.070007,210.08900102
2016-06-13,209.360001,209.49419945,210.369995,209.97550118,208.350006,208.03499938,208.449997,208.61850187
2016-06-16,207.75,207.19200061,208.570007,208.57669963,205.589996,206.05530042,208.369995,208.03150013
2016-06-20,208.820007,208.72849731,209.610001,209.43539999,207.75,207.64179763,207.850006,208.14330289
2016-06-27,201.589996,201.55499982,201.600006,202.35139693,198.649994,199.20519957,199.600006,199.83949963
2016-06-30,207.210007,207.02469863,209.539993,209.27489979,206.559998,206.29790122,209.479996,208.97239966
2016-07-12,214.529999,214.62540069,215.300003,215.56099803,213.429993,213.75289905,214.949997,214.89580149
2016-07-19,215.919998,216.08009892,216.229996,216.60760097,215.630005,215.5782016,216.190002,216.22350006
2016-07-20,216.190002,216.44290243,217.369995,217.27740064,216.190002,215.96730316,217.089996,217.02860218
2016-08-22,218.259995,218.32579775,218.800003,218.78270058,217.830002,217.8274037,218.529999,218.48719675
2016-08-26,217.919998,217.58330101,219.119995,218.12699854,216.25,216.63420202,217.289993,217.52650068
2016-09-01,217.369995,217.27520111,217.729996,217.70919911,216.029999,216.26300224,217.389999,217.16190063
2016-09-15,212.960007,213.48580069,215.729996,216.00319829,212.75,213.01979795,215.279999,215.5140025
2016-09-16,213.479996,213.26559879,213.690002,214.04059902,212.570007,212.48090061,213.369995,213.13839939
2016-09-19,214.130005,214.28709839,214.880005,214.80089902,213.029999,213.13200014,213.410004,213.5683987
2016-09-23,216.720001,216.36879977,216.880005,216.84099804,215.880005,215.38270081,215.990005,216.14440088
2016-09-28,215.830002,216.064999,216.820007,216.72279818,214.710007,214.92320103,216.639999,216.16719997
2016-10-11,215.660004,215.28750024,215.740005,215.84869782,212.580002,213.68840059,213.429993,214.52189733
2016-10-18,214.240005,214.16059848,214.309998,214.58179895,213.270004,213.14190047,213.710007,213.59950074
2016-10-19,214.020004,214.31249809,214.639999,214.77919821,213.600006,213.38559826,214.279999,213.93379983
2016-11-18,219.070007,218.76059866,219.270004,219.29770052,218.289993,218.37519931,218.5,218.93809878
2016-11-25,221.100006,220.86870049,221.559998,221.41309902,221.009995,220.29520038,221.520004,220.90139861
2016-12-07,221.520004,222.64210037,224.669998,223.16460076,221.380005,221.96339979,224.600006,222.65519978
2016-12-30,224.729996,224.94379885,224.830002,225.41049918,222.729996,223.99489869,223.529999,224.60790243
2017-01-13,226.729996,226.65479882,227.399994,227.43650085,226.690002,226.08649809,227.050003,226.83160484
2017-01-18,226.539993,226.4470994,226.800003,226.84180034,225.899994,225.50610269,226.75,226.35880014
2017-01-30,228.169998,227.38779859,228.199997,228.28340117,226.410004,226.69300138,227.550003,227.61430074
2017-02-02,227.619995,227.28609965,228.100006,228.33719864,226.820007,226.70580131,227.770004,227.54839865
2017-02-17,233.949997,234.02119889,235.089996,235.17090016,233.929993,233.48950092,235.089996,234.78139914
2017-02-27,236.639999,237.00779835,237.309998,237.28799892,236.350006,235.94449971,237.110001,236.72780036
2017-03-09,236.699997,236.80569753,237.240005,237.22809971,235.740005,235.86650003,236.860001,236.59229957
2017-03-23,234.279999,234.59030042,235.339996,235.41979789,233.600006,233.44120092,234.029999,234.64659969
2017-03-29,234.990005,235.06559936,235.809998,235.81849882,234.729996,234.25289858,235.539993,235.36519901
2017-04-12,234.740005,234.51470025,234.960007,235.16229849,233.770004,233.36869853,234.029999,234.36419936
2017-04-21,235.25,234.78299634,235.309998,235.53149883,234.130005,233.7713987,234.589996,235.02719869
2017-04-25,237.910004,238.51030026,238.949997,238.96799922,237.809998,237.86029795,238.550003,238.47890031
2017-05-01,238.679993,238.81859884,239.169998,239.05799743,238.199997,238.13040106,238.679993,238.63150143
2017-05-08,239.75,239.60500249,239.919998,240.0540996,239.169998,239.08779476,239.660004,239.73389948
2017-05-12,239.089996,238.88909838,239.429993,239.37839985,238.669998,238.25320083,238.979996,238.8958006
2017-05-19,237.330002,238.29189906,239.080002,239.00340083,237.270004,237.384698,238.309998,238.20369956
2017-05-23,239.949997,239.9782025,240.240005,240.66419969,239.509995,239.29049717,240.050003,240.14690156
2017-06-06,243.339996,243.45590285,243.979996,243.97679962,243.119995,242.79100151,243.210007,243.56700072
2017-07-07,241.210007,241.91609781,242.279999,242.19140105,240.559998,240.77420062,242.110001,241.39510168
2017-07-10,242.110001,242.52330199,242.800003,242.96630044,241.759995,241.63090141,242.369995,242.46080251
2017-07-13,244.020004,243.9400996,244.550003,244.6687004,243.759995,243.57619948,244.419998,244.33260082
2017-07-18,245.059998,245.01939902,245.720001,245.83390024,244.669998,244.50129921,245.660004,245.26140029
2017-07-19,246.020004,246.38009855,247,246.94880045,246.009995,245.85119896,246.990005,246.68860221
2017-08-03,247.309998,247.1973989,247.339996,247.40530057,246.639999,246.38329838,246.960007,246.93820161
2017-08-08,247.509995,247.61620217,248.910004,248.23799887,246.830002,246.5335984,247.259995,247.46410166
2017-08-14,245.589996,246.38099789,246.789993,246.96650098,245.550003,245.58920016,246.539993,246.34609943
2017-08-17,246.240005,246.06179491,246.600006,246.32550178,243.089996,243.812798,243.089996,244.10569754
2017-08-18,242.899994,243.46959972,244.190002,244.32689914,242.199997,242.31280095,242.710007,243.325901
2017-08-30,244.830002,245.21779843,246.320007,246.20430023,244.619995,244.50599908,246.009995,245.4734995
2017-09-01,247.919998,247.67650221,248.330002,247.98709763,247.669998,246.87079816,247.839996,247.48669801
2017-09-14,249.800003,249.75000134,250.320007,250.18420347,249.600006,249.46699902,250.089996,250.05579987
2017-09-15,248.690002,248.99539911,249.289993,249.60750231,248.570007,248.68540231,249.190002,249.28840156
2017-09-20,250.070007,249.82130176,250.190002,250.16850344,248.919998,249.34450117,250.059998,249.9278007
2017-10-06,254.149994,254.5512016,254.699997,254.93309824,253.850006,253.90399729,254.369995,254.45069895
2017-10-10,254.600006,254.69390109,255.050003,255.02799978,253.979996,254.15859881,254.619995,254.64529893
2017-10-17,255.229996,255.20250381,255.520004,255.54589763,254.979996,254.7888048,255.470001,255.31499505
2017-11-01,258.040009,257.81779731,258.429993,258.65340305,257.070007,257.07499662,257.48999,258.24990294
2017-11-16,257.519989,257.48190179,259.040009,258.62610356,257.470001,257.06799315,258.619995,258.40859776
2017-11-17,258.220001,258.39940006,258.589996,259.32800568,257.769989,257.64129851,257.859985,258.81709953
2017-11-20,258.140015,258.45190006,258.519989,259.44380612,257.859985,257.88599855,258.299988,259.06019846
2017-11-22,260,260.21190254,260.149994,261.09130642,259.570007,259.57600202,259.76001,260.38079604
2017-12-12,267.209991,267.17699948,267.320007,267.64470018,266.350006,266.50179935,266.779999,266.85380151
2017-12-18,268.100006,268.48619966,268.600006,269.24260392,267.980011,267.46979689,268.200012,268.33620016
2018-01-10,273.679993,273.37769874,274.420013,274.66709961,272.920013,272.80590503,274.119995,274.21020581
2018-01-16,279.350006,279.3309967,280.089996,279.91060219,276.179993,276.2478996,276.970001,277.19530182
2018-01-18,279.480011,279.42830451,279.959991,280.02290242,278.579987,278.42630275,279.140015,279.29939513
2018-01-25,284.160004,283.71159819,284.269989,285.06499989,282.399994,282.38319501,283.299988,283.3972997
2018-01-31,282.730011,282.42670121,283.299988,283.55259794,280.679993,280.46389962,281.899994,281.5248007
2018-02-12,263.829987,263.83529932,267.01001,266.42640209,261.660004,262.13579933,265.339996,265.13329928
2018-02-15,271.570007,270.99400563,273.040009,273.49489848,268.769989,269.73420135,273.029999,272.55279673
2018-03-19,273.350006,272.75959996,274.399994,273.95559524,268.619995,269.04130599,270.48999,270.29760099
2018-04-02,262.549988,262.36860288,263.130005,264.2472961,254.669998,256.86939623,257.470001,259.93019795
2018-04-03,258.869995,258.7782004,261.309998,261.0593039,256.839996,256.52059877,260.769989,259.12150087
2018-04-04,256.75,257.92690203,264.359985,262.23950237,256.600006,255.39459879,263.559998,260.72920038
2018-05-22,273.959991,273.29260017,274.25,274.32869836,272.23999,272.23849996,272.609985,273.3094024
2018-06-04,274.529999,274.52999552,275.190002,275.52840194,274.26001,273.97279813,274.899994,274.82340575
2018-06-15,276.600006,276.2238975,277.51001,277.77039731,275.350006,275.75110038,277.130005,277.45179623
2018-06-21,275.959991,275.02299698,275.980011,276.46979923,273.679993,273.59940043,274.23999,274.60770382
2018-06-22,275.660004,275.00649699,275.790009,276.00279849,274.48999,273.93679862,274.73999,274.83660306
2018-06-28,269.290009,269.90489891,271.75,272.06730075,268.48999,268.79509677,270.890015,270.79630118
2018-06-29,272.119995,272.23530156,273.660004,273.32900355,271.149994,270.48890264,271.279999,271.53949893
2018-07-02,269.51001,270.02570056,272.040009,272.56490221,269.23999,269.2045971,271.859985,271.70909688
2018-07-16,279.640015,279.50180503,279.799988,280.17790063,278.839996,278.71940118,279.339996,279.53679772
2018-07-18,280.559998,280.4188989,281.179993,281.35909719,280.059998,279.48040152,281.059998,280.68190033
2018-08-14,282.920013,283.24799966,284.170013,284.65529919,282.480011,282.60909287,283.899994,283.66920305
2018-08-27,288.859985,289.40439819,289.899994,289.94140253,288.679993,288.3370018,289.779999,289.45429882
2018-09-06,289.149994,289.24299627,289.48999,289.89340037,287,287.21780138,288.160004,288.206499
2018-09-17,290.820007,290.31529634,290.859985,291.03749807,289.029999,288.77409929,289.339996,289.5636981
2018-09-21,293.089996,292.82089935,293.220001,293.35489526,291.809998,291.3915043,291.98999,292.12920222
2018-09-24,291.339996,291.14279923,291.5,291.68869631,290.369995,290.2771031,291.019989,290.86399964
2018-09-28,289.98999,290.38049997,291.279999,291.39059776,289.950012,289.80419991,290.720001,290.72559737
2018-10-26,265.920013,267.8497979,271,270.06960267,262.290009,262.47770313,265.329987,265.32089832
2018-11-02,274.75,274.17189886,275.230011,275.47270102,269.589996,270.55420195,271.890015,271.67850065
2018-11-13,273.089996,273.28849945,275.329987,274.75640156,271.25,271.47089854,272.059998,272.84329796
2018-11-16,271.790009,272.02490668,274.75,274.47709789,271.209991,271.32609681,273.730011,273.85289468
2018-11-23,263.179993,263.62170304,264.820007,265.31120013,263.070007,261.97660499,263.25,263.77940277
2018-12-10,263.369995,263.00350488,265.160004,265.26760055,258.619995,259.96130104,264.070007,263.32309815
2018-12-13,266.519989,266.61169934,267.48999,267.57610217,264.119995,264.24570173,265.369995,265.25570043
2018-12-14,262.959991,262.50700429,264.029999,264.4661984,259.850006,258.56009704,260.470001,261.14059754
2018-12-19,255.169998,252.88870063,259.399994,257.15940072,249.350006,250.00219936,251.259995,252.69120005
2018-12-21,246.740005,247.36789851,249.710007,250.47750008,239.979996,243.76019792,240.699997,246.23759984
2019-01-02,245.979996,247.86909884,251.210007,251.42799971,245.949997,245.69529896,250.179993,249.29379997
2019-01-22,264.820007,264.03780649,265.059998,265.21640185,261.059998,261.07490097,262.859985,263.26530028
2019-01-30,265.100006,265.522902,268.519989,268.26980256,264.25,264.29219975,267.579987,267.55789736
2019-01-31,267.51001,268.05099715,270.470001,270.12940124,267.269989,267.03939838,269.929993,269.28909816
2019-02-08,268.75,269.11149532,270.579987,270.94940442,267.829987,268.07589804,270.470001,270.11750114
2019-02-13,275.029999,274.75949655,275.929993,275.89199772,274.559998,274.1146966,274.98999,275.34510158
2019-02-26,279.130005,279.25450214,280.299988,280.12189777,278.899994,278.37470266,279.320007,279.53380029
2019-03-12,279.059998,279.16430554,280.070007,280.06879755,278.850006,278.45970207,279.48999,279.52109908
2019-03-13,280.480011,280.64090661,282.380005,282.2401939,280.299988,280.12929374,281.339996,281.41669824
2019-03-20,282.160004,282.16160059,283.5,283.20249884,280.320007,280.3456996,281.549988,281.62609552
2019-03-21,280.640015,281.19980318,285.179993,284.1181946,280.589996,279.73999969,284.730011,283.28020307
2019-03-25,278.869995,278.96329763,280.190002,279.99790065,277.640015,277.75520136,279.040009,279.15019837
2019-03-27,281.109985,280.94890288,281.76001,281.7295977,277.929993,278.43499784,279.649994,279.94219756
2019-03-29,282.390015,282.19519937,282.839996,283.46669906,281.140015,281.14979564,282.480011,282.38969676
2019-04-16,290.950012,290.64259696,291.01001,291.11149672,289.5,289.21659965,290.160004,290.06329838
2019-04-17,291.399994,290.78159664,291.429993,291.35209642,288.98999,288.77220019,289.450012,289.71509887
2019-04-30,293.48999,293.33020683,294.339996,294.41220101,291.920013,291.89459452,294.019989,293.48319778
2019-05-10,285.619995,285.35749984,288.940002,288.7790994,282.299988,282.71939891,288.100006,286.34680361
2019-05-21,285.829987,285.77160336,286.929993,287.2129016,285.549988,285.16599343,286.51001,286.23230468
2019-05-23,283.160004,282.64149826,283.209991,283.64559817,280.570007,280.33870158,282.140015,281.60279803
2019-05-29,278.910004,278.57139897,279.359985,279.64659881,276.709991,276.56029826,278.269989,278.22670239
2019-05-31,276.200012,276.35299419,277.119995,277.3618975,275.23999,274.9871002,275.269989,276.09069919
2019-06-04,277.119995,277.47370301,280.679993,280.67690384,276.619995,276.40520165,280.529999,279.75899939
2019-06-14,289.26001,289.53909558,289.929993,290.22710296,288.410004,288.50199991,289.26001,289.29499428
2019-06-21,294.130005,294.51150516,295.519989,295.41299818,293.76001,293.15749991,294,294.22230421
2019-06-25,293.700012,292.25839935,293.730011,293.01919713,290.640015,290.40000177,290.76001,291.36420066
2019-06-28,292.579987,292.58769879,293.549988,293.60149591,292.01001,291.44679969,293,292.8880999
2019-07-08,297.01001,296.76589865,298.26001,298.10819697,296.220001,295.62820826,296.820007,297.24119781
2019-07-10,298.369995,298.72170006,299.660004,299.41720012,297.779999,297.5459041,298.609985,298.4538962
2019-07-15,301.130005,300.53940113,301.130005,301.33070332,300.190002,299.448597,300.75,300.79600155
2019-07-16,300.649994,300.24480065,300.880005,300.91200093,299.440002,298.98299728,299.779999,300.24960053
2019-07-30,299.910004,300.15840007,301.170013,301.08340608,299.48999,299.24980088,300.720001,300.39560155
2019-08-05,288.089996,286.74360154,288.209991,288.56859768,281.720001,282.17339969,283.820007,284.53320162
2019-08-08,289.619995,290.13099854,293.619995,293.34909973,289.01001,289.57969578,293.619995,292.60670335
2019-08-13,287.73999,289.26999947,294.149994,291.53409774,287.359985,287.6561978,292.549988,290.38980335
2019-08-15,284.880005,284.4651021,285.640015,286.72379855,282.390015,282.78689659,284.649994,284.86120125
2019-08-23,290.920013,289.23889992,292.76001,290.46479768,283.470001,285.39209911,284.850006,286.65580235
2019-08-26,287.269989,286.92680097,288,288.76080036,285.579987,285.54130001,288,288.03780633
2019-09-03,290.570007,290.45779771,291.579987,291.69389599,289.269989,289.59899822,290.73999,290.55869875
2019-09-04,293.140015,293.14120607,294.059998,294.16449785,292.309998,291.63359611,294.040009,293.25499679
2019-09-19,301.529999,301.34540109,302.630005,302.18460578,300.709991,300.4403978,301.079987,301.38500112
2019-09-25,295.959991,296.97579874,298.109985,298.14629543,294.329987,295.08080435,297.619995,296.97669857
2019-10-04,291.140015,292.58400324,294.630005,294.3647006,291.079987,291.29989528,294.350006,293.31529737
2019-10-10,291.179993,292.05490384,294.209991,293.74050137,291,290.88419483,293.23999,292.7256974
2019-10-18,298.690002,298.60570253,299.399994,299.29799988,297.029999,297.32800382,297.970001,298.18559811
2019-10-23,298.730011,299.29200589,299.940002,300.1906954,298.5,298.42070141,299.880005,299.77569797
2019-11-05,307.589996,307.59190123,307.920013,308.26589911,306.709991,306.42289606,307.029999,307.62509847
2019-11-11,307.420013,307.86009622,308.540009,309.11080116,307.269989,307.09219953,308.350006,308.63579847
2019-11-20,311.279999,310.692803,311.850006,311.45589997,309.059998,309.6463071,310.769989,310.88219227
2019-12-02,314.589996,313.77999903,314.660004,314.75619878,311.170013,311.58309779,311.640015,312.97389382
2019-12-11,314.029999,314.26989995,314.700012,315.08769493,313.440002,313.39199364,314.420013,313.99709887
2019-12-13,316.869995,315.76109474,318.670013,318.26029423,316.019989,314.62920474,317.320007,317.21799811
2019-12-19,319.799988,320.17310116,320.980011,321.19160005,319.519989,319.43960243,320.899994,320.34830348
2019-12-24,321.470001,321.33429848,321.519989,321.79879768,320.899994,320.61239777,321.230011,321.12339951
2019-12-26,321.649994,321.9768002,322.950012,323.58150593,321.640015,320.8448957,322.940002,322.49900018
2019-12-27,323.73999,322.78349861,323.799988,324.34320954,322.279999,321.59339566,322.859985,323.0657037
2020-01-24,332.440002,330.54630209,332.529999,332.35889824,327.359985,328.07710347,328.769989,329.4433026
2020-01-27,323.029999,323.17500077,325.119995,325.83110348,322.660004,322.38580336,323.5,324.13920334
2020-01-31,327,325.17990301,327.170013,328.0451029,320.730011,322.29570158,321.730011,323.95699992
2020-02-04,328.070007,328.12200121,330.01001,329.72859746,327.720001,327.2028994,329.059998,328.68440256
2020-02-05,332.269989,331.92740342,333.089996,333.61570092,330.670013,331.13260483,332.859985,332.49199938
2020-02-25,323.940002,318.58740208,324.609985,321.36749594,311.690002,315.0051016,312.649994,316.57289811
2020-02-28,288.700012,291.91249677,297.890015,295.48310067,285.540009,289.2836053,296.26001,294.31239841
2020-03-04,306.119995,307.98129898,313.100006,310.97850192,303.329987,303.22510524,312.859985,305.54359392
2020-03-16,241.179993,241.73609953,256.899994,247.9933,237.360001,236.43330013,239.850006,241.56569993
2020-03-17,245.039993,246.39930006,256.170013,254.41409932,237.070007,242.93210022,252.800003,249.07020014
2020-03-23,228.190002,226.02750015,229.679993,226.71320085,218.259995,224.83979957,222.949997,225.53079929
2020-03-30,255.699997,254.47060264,262.429993,261.0602967,253.529999,252.29690044,261.649994,258.0304032
2020-04-17,285.380005,285.09240285,287.299988,287.91099773,282.399994,282.55689361,286.640015,285.20910259
2020-04-29,291.529999,292.39259946,294.880005,294.45390408,290.410004,291.15049763,293.209991,293.16159912
2020-05-14,278.950012,279.82330084,285.109985,282.56339812,272.98999,276.86020104,284.970001,280.3508036
2020-05-19,294.350006,294.34259889,296.209991,295.86180261,291.950012,292.57430226,291.970001,293.96569979
2020-05-26,301.929993,300.35079867,302.190002,301.939204,295.459991,297.82789976,299.079987,300.63509919
2020-06-02,306.549988,306.54660026,308.130005,308.05329864,305.100006,304.40119777,308.079987,306.48719929
2020-06-04,311.109985,310.56479849,313,312.29539879,309.079987,309.77090502,311.359985,311.47959389
2020-06-05,317.230011,318.5708013,321.269989,320.41300154,317.160004,316.83030213,319.339996,318.84220185
2020-06-17,314.070007,313.711098,314.390015,314.80059966,310.859985,310.93559862,311.660004,312.51909338
2020-06-19,314.170013,310.68619897,314.380005,312.36840066,306.529999,307.97300098,308.640015,310.16789361
2020-07-02,314.23999,314.14469682,315.700012,315.33079869,311.51001,311.55529498,312.230011,312.9243949
2020-07-24,320.950012,320.63979946,321.98999,322.11090242,319.25,319.0791007,320.880005,320.52920196
2020-07-28,322.429993,321.89450193,323.640015,323.33720502,320.850006,320.43789376,321.170013,322.04429904
2020-07-31,325.899994,324.66330117,326.630005,327.252205,321.329987,322.86710235,326.519989,325.60819966
2020-08-10,335.059998,335.29600135,335.769989,336.85880038,332.959991,333.20429578,335.570007,334.85940339
2020-08-13,336.609985,336.37220035,338.25,337.91570507,335.829987,335.5909979,336.829987,337.2230022
2020-08-18,338.339996,337.87890216,339.100006,339.52909785,336.609985,336.80730041,338.640015,338.77660585
2020-08-19,339.049988,338.32350311,339.609985,339.74669917,336.619995,336.52380032,337.230011,338.33820463
2020-09-01,350.209991,350.76649887,352.709991,352.53079566,349.23999,348.27419945,352.600006,350.27679722
2020-09-02,354.670013,355.63009524,358.75,357.26049969,353.429993,352.9023995,357.700012,354.81970265
2020-09-08,336.709991,338.06560197,342.640015,340.03720287,332.880005,332.92870302,333.209991,334.83400435
2020-09-09,337.549988,338.85739927,342.459991,340.77119843,336.609985,336.11720178,339.790009,338.60670333
2020-09-11,335.820007,334.65360307,336.970001,336.89230081,331,331.38510042,334.059998,333.64129945
2020-09-22,328.570007,328.64390409,330.899994,331.12609546,325.859985,326.15989819,330.299988,328.79010803
2020-10-08,342.850006,343.04839297,343.850006,345.39670175,341.859985,341.59270118,343.779999,343.15030487
2020-10-13,352.279999,350.37899807,352.470001,352.13629654,349.089996,348.09480251,350.130005,349.87529728
2020-10-22,342.959991,343.08428987,345.23999,346.69920232,340.649994,341.24339872,344.609985,343.55000746
2020-11-05,349.23999,350.1569971,352.190002,351.77270065,348.859985,347.57079913,350.23999,349.65509923
2020-11-09,363.970001,357.64079563,364.380005,359.38689953,354.059998,354.13500044,354.559998,356.57120211
2020-11-13,355.269989,356.93779486,358.899994,358.45789965,354.709991,354.52249931,358.100006,356.19410412
2020-11-19,355.600006,357.57239571,358.179993,359.15449998,354.149994,355.01659807,357.779999,356.51960309
2020-11-20,357.5,357.92239817,357.720001,359.25310039,355.25,354.93039623,355.329987,356.15010275
2020-11-23,357.279999,358.08659764,358.820007,359.74150069,354.869995,355.58289625,357.459991,356.90320269
2020-11-30,362.829987,362.15570122,363.119995,363.44320154,359.170013,360.44670538,362.059998,362.64400304
2020-12-02,364.820007,365.31899962,366.959991,368.45139647,364.200012,363.62870038,366.790009,366.94669789
2020-12-10,365.369995,366.01380127,367.859985,368.25159425,364.429993,364.28160108,366.730011,366.64539577
2020-12-22,368.209991,368.19420001,368.329987,369.53619443,366.029999,366.138701650001,367.23999,367.18690325
2020-12-29,373.809998,372.79969832,374,374.51070264,370.829987,370.53810138,371.459991,372.35119885
2021-01-04,375.309998,371.18390194,375.450012,373.82219813,364.820007,367.05419767,368.790009,369.95710116
2021-01-08,380.589996,379.11060169,381.48999,381.43189785,377.100006,377.04990193,381.26001,379.57369906
2021-01-22,382.25,382.97109641,384.130005,385.07600408,381.839996,381.09870418,382.880005,383.25250431
2021-01-25,383.670013,382.74299795,384.769989,385.33800024,378.459991,379.51390045,384.390015,382.32189968
2021-02-09,389.609985,389.92839613,390.890015,391.37089862,389.170013,388.12530147,390.25,390.37450266
2021-02-12,389.850006,390.37150188,392.899994,392.99760412,389.769989,389.08579691,392.640015,392.04180394
2021-02-22,387.059998,387.47990012,389.619995,390.12379827,386.73999,385.53350345,387.029999,388.61959677
2021-03-02,389.820007,388.2673998,390.070007,390.82899787,386,385.22550355,386.540009,387.69709805
2021-03-03,385.790009,385.39890098,386.829987,387.61159472,381.309998,381.32220731,381.420013,382.74979971
2021-03-05,380.459991,379.88049799,384.76001,383.72960078,372.640015,375.79160067,383.630005,380.70930346
2021-03-09,385.850006,386.20549989,389.910004,390.03889779,385.309998,384.36039827,387.170013,388.83389513
2021-03-11,392.230011,392.78550486,395.649994,395.43940418,391.73999,391.5133038,393.529999,394.20749835
2021-03-29,394.399994,394.55570162,396.75,396.51030342,392.809998,392.74059607,395.779999,395.62410557
2021-03-31,395.339996,395.87270194,398,398.03169831,395.309998,393.94329585,396.329987,396.51530435
2021-04-01,398.399994,398.4081034,400.670013,401.26979795,398.179993,396.64790266,400.609985,400.01450645
2021-04-06,405.76001,406.02299851,407.23999,407.76119638,405.399994,404.99330532,406.119995,406.85679703
2021-04-15,413.73999,414.20660037,416.160004,416.78619628,413.690002,412.92779944,415.869995,415.39779987
2021-04-20,413.910004,413.12849789,415.089996,415.37279657,410.589996,410.35119965,412.170013,412.65930198
2021-04-28,417.809998,417.66199897,419.01001,418.47220781,416.899994,416.37029488,417.399994,417.62019069
2021-05-10,422.5,421.64840354,422.73999,422.482703030001,417.809998,417.92430435,417.940002,419.21430283
2021-05-13,407.070007,408.57719978,412.350006,412.43189907,407.019989,407.13179802,410.279999,410.67389744
2021-05-26,418.869995,418.11669866,419.609985,419.79260204,417.76001,416.67809895,419.070007,418.63770598
2021-05-28,420.970001,421.20970105,421.25,422.16690451,419.790009,419.39350286,420.040009,420.73549723
2021-06-03,417.850006,417.3518962,419.98999,419.79670216,416.279999,415.98519954,418.769989,418.68050222
2021-06-11,424.200012,424.19279876,424.429993,425.12009575,422.820007,422.55080387,424.309998,424.36020514
2021-07-20,425.679993,427.56889935,432.420013,431.4748058,424.829987,426.06779949,431.059998,429.58250434
2021-07-28,439.679993,439.32340374,440.299988,440.24500176,437.309998,436.94339556,438.829987,439.0835023
2021-07-29,439.820007,439.94990268,441.799988,441.61999889,439.809998,438.5226034,440.649994,440.33419829
2021-08-04,439.779999,439.75470159,441.119995,441.15240065,438.730011,437.9322997,438.980011,439.43609774
2021-08-09,442.459991,442.05020197,442.799988,443.45279991,441.309998,441.34309204,442.130005,442.73279813
2021-08-10,442.609985,442.29150222,443.440002,443.58360267,441.880005,441.64259345,442.679993,442.7983011
2021-08-30,450.970001,451.690403,453.070007,453.15880092,450.709991,450.58740032,452.230011,452.44479937
2021-09-07,452.709991,452.1200026,452.809998,452.96039475,450.73999,450.86540099,451.459991,451.90449697
2021-09-14,448.119995,446.69270354,448.339996,447.80030113,443.220001,442.89199735,444.170013,444.62109772
2021-10-07,438.390015,439.21290354,441.679993,441.59290155,438.200012,437.68079824,438.660004,439.2259961
2021-10-18,443.970001,444.70000062,447.549988,447.60639789,443.269989,443.46659925,447.190002,446.971199910001
2021-10-27,456.450012,456.51080144,457.160004,457.92809686,453.859985,453.04329748,453.940002,454.41700317
2021-11-01,460.299988,459.267093870001,460.700012,461.45660391,458.200012,457.29339445,460.040009,459.91450339
2021-11-03,461.299988,461.93850208,465.149994,464.47180652,460.829987,460.55610108,464.720001,463.8077013
2021-11-04,465.359985,465.39169735,467,467.62710026,464.98999,463.36849796,466.910004,465.91389609
2021-11-05,469.279999,468.78889823,470.649994,470.44340138,466.920013,467.0973013,468.529999,469.14759782
2021-11-17,469,468.91830018,469.190002,470.38230155,467.480011,466.8542017,468.140015,468.35330091
2021-11-23,467.220001,467.65210112,469.100006,469.762303,464.450012,465.53320011,468.190002,467.69580154
2021-12-28,477.720001,477.3748014,478.809998,478.68539995,476.059998,475.60981056,476.869995,476.98850353
2022-01-06,467.890015,468.31240071,470.820007,470.08670338,465.429993,465.62239665,467.940002,467.0989027
2022-01-28,432.679993,433.43929858,442,439.80020226,427.820007,427.66950197,441.950012,436.98910083
2022-02-03,450.950012,451.00500251,452.970001,453.68879377,445.709991,446.38520114,446.600006,448.03860465
2022-02-04,446.350006,447.47550044,452.779999,451.40399922,443.829987,444.97949942,448.700012,448.92860217
2022-02-15,443.730011,444.36949847,446.279999,446.88620384,443.179993,443.38630054,446.100006,445.97809907
2022-02-16,443.929993,444.22499778,448.059998,447.31839895,441.940002,442.64149806,446.600006,446.08250099
2022-02-18,437.329987,436.63410243,438.660004,438.39320237,431.820007,432.1918004,434.230011,434.1613003
2022-02-25,429.609985,431.61360185,437.839996,437.23590058,427.859985,427.29890327,437.75,435.27059928
2022-03-09,425.140015,425.3426022,429.51001,429.32750207,422.820007,422.36690278,427.410004,427.09489838
2022-04-07,445.589996,445.61729887,450.690002,449.68440309,443.529999,444.324098610001,448.769989,448.6571008
2022-04-11,444.109985,443.63299668,445,445.05669798,439.390015,439.0099988,439.920013,439.59970422
2022-04-19,437.859985,440.18099797,445.799988,444.91459363,437.679993,439.17989881,445.040009,443.8333974
2022-04-29,423.589996,422.70809373,425.869995,424.33700015,411.209991,413.26400066,412,415.66089886
2022-05-10,404.48999,402.70260092,406.079987,404.39620158,394.820007,395.64159917,399.089996,397.88929911
2022-05-11,398.070007,400.27699742,404.040009,402.19029888,391.959991,392.14339816,392.75,394.10069776
2022-05-12,389.369995,390.59099704,395.799988,394.8831016,385.149994,385.65640208,392.339996,391.97040284
2022-05-13,396.709991,398.44849907,403.179993,402.80070006,395.609985,396.56259986,401.720001,401.24340183
2022-05-19,388.619995,391.26799742,394.140015,394.33759979,387.109985,386.72550297,389.459991,390.69290069
2022-05-25,392.309998,393.43389429,399.450012,398.67850169,391.890015,391.82279802,397.369995,397.40680342
2022-05-26,398.670013,401.67060087,407.040009,405.90320097,398.450012,399.98839786,405.309998,404.82330398
2022-06-06,414.779999,414.09699705,416.609985,415.70049826,410.549988,409.94929874,411.790009,412.01009826
2022-06-08,413.929993,413.38869594,415.820007,415.25099842,410.380005,409.75059968,411.220001,412.02689976
2022-06-15,377.359985,378.79829962,383.899994,382.33450107,372.119995,374.48979984,379.200012,379.18639917
2022-06-16,370.51001,369.32579889,370.940002,370.77689461,364.079987,363.41780398,366.649994,366.21660649
2022-06-17,365.51001,366.72580116,369.380005,370.11939522,362.170013,362.31010099,365.859985,365.79420081
2022-07-15,382.549988,382.75649694,385.25,386.06800207,380.540009,380.72060048,385.130005,384.54180458
2022-07-19,386.079987,387.45979623,392.869995,391.95180307,385.390015,385.90749612,392.269989,391.03939601
2022-07-22,398.920013,398.49570127,400.179993,399.88419558,392.75,393.49840017,395.089996,394.86489667
2022-07-27,394.359985,396.87280062,402.880005,401.28059957,394.049988,394.72539983,401.040009,399.85650516
2022-08-01,409.149994,409.14190134,413.410004,412.7951998,408.399994,408.00210102,410.769989,411.27099914
2022-08-05,409.660004,409.987798200001,414.149994,413.93099701,409.600006,409.00629684,413.470001,413.39460321
2022-08-10,418.779999,418.5297027,420.140015,420.2943053,416.720001,416.69930263,419.98999,419.23000311
2022-08-23,412.899994,412.77499435,415.420013,415.40649256,411.769989,411.31780349,412.350006,413.57620376
2022-09-01,392.890015,391.64429834,396.779999,396.13100148,390.040009,389.26450142,396.420013,394.83660005
2022-09-12,408.779999,408.82080634,411.730011,411.97949942,408.459991,407.91290334,410.970001,410.88150109
2022-09-14,394.470001,393.95860249,396.200012,396.71760652,391.119995,391.35030064,394.600006,393.99670186
2022-09-26,366.410004,367.72419994,370.209991,370.07689406,363.029999,362.7780999,364.309998,365.08800307
2022-09-29,366.809998,365.66239566,367.109985,368.72839946,359.700012,359.85549917,362.790009,363.22450203
2022-10-03,361.079987,361.56119649,368.549988,368.05510291,359.209991,357.01069971,366.609985,364.13769982
2022-10-04,372.399994,370.43460082,378,375.78739436,366.570007,367.95900252,377.970001,373.47390209
2022-10-18,375.130005,370.92130062,375.450012,374.47929804,367.519989,367.19259833,371.130005,371.42330236
2022-10-19,368.98999,368.2562006,371.850006,371.92949439,365.549988,365.49800112,368.5,369.24110148
2022-10-20,368.029999,368.04180218,372.670013,371.15729504,364.609985,363.68190117,365.410004,366.41970351
2022-10-26,381.619995,383.80699863,387.579987,386.44399788,381.350006,380.78970512,382.019989,383.12040156
2022-11-01,390.140015,387.94240177,390.390015,390.21450012,383.290009,382.10570321,384.519989,384.63469915
2022-11-02,383.899994,383.40219598,388.630005,385.93259867,374.76001,376.98620091,374.869995,379.63700228
2022-11-03,371.470001,371.11370014,374.200012,374.99880244,368.790009,369.07179932,371.01001,372.50510009
2022-11-09,379.929993,379.24590046,381.140015,380.80060064,373.609985,373.34370154,374.130005,375.75340243
2022-11-11,395.589996,395.80269924,399.350006,399.41870349,393.609985,393.84009789,398.51001,398.76370462
2022-11-23,399.549988,400.85599504,402.929993,403.68520304,399.309998,399.38200219,402.420013,402.72579779
2022-12-08,395.140015,395.06459987,397.359985,397.32079854,393.269989,393.15350025,396.23999,395.95640452
2022-12-13,410.220001,407.04389491,410.48999,409.44329681,399.070007,402.08859972,401.970001,403.96699909
2023-01-05,381.720001,379.75680207,381.839996,382.3876011,378.76001,377.04750246,379.380005,379.64579775
2023-01-12,396.670013,396.01529795,398.48999,398.49859835,392.420013,393.34209624,396.959991,396.19820229
2023-01-13,393.619995,394.39019633,399.100006,398.79540138,393.339996,392.5432015,398.5,398.4615081
2023-01-17,398.480011,398.35840247,400.230011,400.57749811,397.059998,396.22869943,397.769989,398.88120511
2023-02-01,405.209991,406.8192978,413.670013,411.22509968,402.350006,404.81310089,410.799988,409.33879821
2023-02-02,414.859985,414.31099786,418.309998,417.53709992,412.880005,413.01890303,416.779999,415.84919603
2023-02-06,409.790009,409.46520431,411.290009,411.82770023,408.100006,407.97250656,409.829987,409.67359891
2023-02-08,413.130005,412.70479641,414.529999,414.19600187,409.929993,409.60250023,410.649994,411.47230466
2023-02-27,399.869995,399.66759808,401.290009,401.29280115,396.75,396.44679535,397.730011,398.62200481
2023-02-28,397.230011,397.98949918,399.279999,399.40840198,396.149994,395.29659754,396.26001,396.95659943
2023-03-22,398.730011,400.40749492,402.48999,401.8544016,392.070007,391.79880129,392.109985,393.21749786
2023-03-31,404.660004,405.42119439,409.700012,408.7420027,404.549988,404.20330236,409.390015,407.87099754
2023-04-04,411.619995,410.78449671,411.920013,412.49210525,407.23999,407.4373032,408.670013,408.2689931
2023-04-14,412.809998,412.4184969,415.089996,415.10939447,410.059998,410.22070013,412.459991,413.10940363
2023-04-18,415.579987,415.02630064,415.720001,416.26040075,412.779999,412.61599942,414.209991,414.62359819
2023-05-24,412.420013,412.03869698,412.820007,412.99900235,409.880005,409.90789865,411.089996,411.00530182
2023-05-30,422.029999,421.61840347,422.579987,422.681805200001,418.73999,419.03530411,420.179993,420.56370438
2023-06-20,437.450012,436.88489505,438.369995,438.4468008,435.029999,435.0202006,437.179993,437.24869344
2023-06-23,432.929993,433.43440317,435.059998,435.87590132,432.470001,432.09760583,433.209991,434.23490001
2023-06-28,435.049988,435.36900024,437.440002,437.07559876,434.410004,434.18730046,436.390015,436.08759917
2023-07-12,446.390015,446.81880296,447.480011,448.01059769,444.910004,444.706601,446.019989,446.1077004
2023-08-09,449.029999,448.38460457,449.200012,449.77690075,444.959991,444.86449611,445.75,446.85879738
2023-08-10,448.190002,448.49740242,451.700012,450.38110092,444.700012,445.05639709,445.910004,447.24689971
2023-08-23,439.25,439.66930088,443.670013,443.87780379,439.100006,439.07329979,443.029999,442.77159588
2023-08-24,444.690002,443.73769788,445.220001,445.67260398,436.859985,437.36569976,436.890015,438.08260534
2023-09-01,453.170013,452.35449965,453.670013,453.6506946,449.679993,449.85560319,451.190002,451.75390407
2023-09-05,450.730011,450.54600426,451.059998,451.88560013,449.170013,448.75639674,449.23999,449.95870341
2023-09-15,447.140015,445.98140007,447.480011,447.14850094,442.920013,442.57049653,443.369995,443.80940192
2023-09-18,443.049988,443.34179759,444.970001,444.72129772,442.559998,442.08269774,443.630005,443.77990243
2023-09-22,432.450012,433.06250054,434.100006,435.06369718,429.98999,428.74080005,430.420013,431.28440115
2023-10-02,426.619995,426.50380205,428.600006,428.92090138,424.459991,424.30750379,427.309998,427.25449829
2023-10-05,424.359985,423.78280329,425.369995,426.13539713,421.170013,421.2898985,424.5,424.32510416
2023-10-10,432.940002,433.22820144,437.220001,437.26180683,432.529999,432.22900784,434.540009,435.60169914
2023-10-12,436.950012,435.38370183,437.339996,437.08360059,431.230011,430.58000265,433.660004,432.61600228
2023-10-26,416.450012,416.04519882,417.329987,416.84290054,411.600006,411.68409702,412.549988,412.94349683
2023-11-01,419.200012,420.55409959,423.5,423.77140366,418.649994,418.78619754,422.660004,422.13649762
2023-11-06,435.470001,435.04550291,436.149994,436.54339882,433.679993,433.51120085,435.690002,435.60779984
2023-11-07,435.690002,435.75839824,437.589996,437.53629911,434.51001,434.36099948,436.929993,436.62519689
2023-11-09,438.429993,437.22569917,438.470001,438.48370123,433.399994,433.82709984,433.839996,435.40709796
2023-11-29,457.149994,457.00260237,458.320007,458.2499959,454.200012,454.22969622,454.609985,455.509104
2023-11-30,455.480011,455.4750034,456.76001,457.74199614,453.339996,453.61609551,456.399994,456.513907
2023-12-01,455.769989,456.506798,459.649994,459.26139849,455.160004,455.65179946,459.100006,458.54810481
2023-12-19,472.529999,473.38169866,474.920013,476.32029684,472.450012,472.18220249,474.839996,475.38929977
2024-01-02,472.160004,471.81559904,473.670013,473.62150767,470.48999,469.61770133,472.649994,472.30130564
2024-01-11,477.589996,476.28799834,478.119995,478.03040348,472.26001,474.17630701,476.350006,476.61609601
2024-01-23,484.01001,484.65140251,485.109985,486.39289818,482.890015,482.697800489999,484.859985,484.35280887
2024-02-09,498.839996,499.7598049,501.649994,502.16939688,498.48999,497.94049462,501.200012,499.96520564
2024-02-14,496.790009,497.806904280001,499.070007,499.10189756,494.399994,495.76550224,498.570007,497.77150693
2024-02-15,499.290009,500.47710502,502.200012,502.80659661,498.799988,498.27579554,502.01001,500.34580537
2024-02-21,495.420013,496.76990137,497.369995,498.37289923,493.559998,493.86530136,497.209991,496.348405
2024-02-23,509.269989,508.11209656,510.130005,509.25679958,507.100006,505.2750969,507.850006,506.74609322
2024-03-01,508.980011,510.36930663,513.289978,512.01690486,508.559998,508.14370117,512.849976,510.028895469999
2024-03-12,513.450012,514.1176099,517.380005,517.23539305,510.859985,512.19399885,516.780029,515.21869993
2024-03-14,516.969971,516.10170469,517.130005,517.97688717,511.820007,512.9104019,514.950012,514.94949554
2024-03-15,510.209991,510.49869941,511.700012,511.89280389,508.119995,507.80940427,509.829987,509.92799975
2024-03-28,523.210022,523.69790841,524.609985,524.7135009,522.780029,521.58998055,523.070007,522.90089529
2024-04-05,514.460022,516.27950386,520.440002,519.29479418,514.01001,514.39879956,518.429993,517.56049542
2024-04-11,515.679993,516.58990663,519.47998,519.31049127,512.080017,514.10400129,518,516.83739795
2024-04-17,506.049988,503.70069985,506.220001,506.59949794,499.119995,500.5363961,500.549988,503.38400094
2024-04-18,501.980011,500.96400031,504.130005,504.75879748,498.559998,498.50719385,499.519989,501.80990022
2024-04-29,510.089996,510.02019963,510.75,511.53890197,507.25,506.92650424,510.059998,508.9952016
2024-05-09,517.380005,517.97170006,520.210022,519.92619978,516.710022,516.30260068,520.169983,518.8171002
2024-05-21,529.280029,529.8781054,531.52002,531.84080292,529.070007,528.30988592,531.359985,530.04910052
2024-05-22,530.650024,529.93570689,531.380005,531.27260957,527.599976,527.77708554,529.830017,529.2552027
2024-05-29,525.679993,528.16290855,527.309998,529.86591259,525.369995,524.859594289999,526.099976,528.18900573
2024-05-30,524.52002,523.98190615,525.200012,525.289303,521.330017,520.86248797,522.609985,522.968092
2024-05-31,523.590027,524.59390271,527.5,527.23870428,518.359985,521.39999165,527.369995,524.88829957
2024-06-07,533.659973,533.85809201,536.890015,535.637189220001,532.539978,531.72259462,534.01001,534.723680280001
2024-06-11,534.070007,534.08789322,537.01001,536.556491530001,532.049988,532.49030138,536.950012,535.508379360001
2024-06-26,543.690002,544.482902060001,546.23999,546.46501454,543.030029,542.808707160001,545.51001,545.32620854
2024-07-18,558.51001,557.16069829,559.52002,558.87540776,550.429993,554.385798200001,552.659973,555.905503940001
2024-07-26,542.280029,544.25769783,547.190002,547.25721862,541.48999,540.644907820001,544.440002,543.43359438
2024-07-29,546.02002,545.92659974,547.049988,547.44401673,542.719971,541.267308470001,544.76001,543.68149902
2024-07-31,548.97998,550.19809378,553.5,552.52681394,547.580017,547.508196840001,550.809998,549.68010306
2024-08-01,552.570007,549.77769781,554.869995,551.58221387,539.429993,545.192704620001,543.01001,547.74590193
2024-08-12,534.210022,534.0806977,535.72998,536.501494600001,530.950012,530.83319346,533.27002,534.722593770001
2024-08-15,549.5,550.668499100001,553.359985,553.23490909,548.880005,548.788901820001,553.070007,551.28280942
2024-08-16,551.419983,553.029604680001,555.02002,555.7100002,551.26001,551.645007330001,554.309998,554.46631772
2024-08-19,554.72998,557.22090397,559.609985,559.59499941,553.859985,555.110605230001,559.609985,557.395208590001
